"","Timepoint","CT_1","CT_2","daily_mean"
"1",2019-03-04 01:00:00,25.24625,25.24625,25.24625
"2",2019-03-04 02:00:00,24.92325,24.92325,24.92325
"3",2019-03-04 03:00:00,24.81075,24.81075,24.81075
"4",2019-03-04 04:00:00,24.6091666666667,24.6091666666667,24.6091666666667
"5",2019-03-04 05:00:00,24.3833333333333,24.3833333333333,24.3833333333333
"6",2019-03-04 06:00:00,24.3995,24.3995,24.3995
"7",2019-03-04 07:00:00,24.5288333333333,24.5288333333333,24.5288333333333
"8",2019-03-04 08:00:00,24.7139166666667,24.7139166666667,24.7139166666667
"9",2019-03-04 09:00:00,25.1735,25.1735,25.1735
"10",2019-03-04 10:00:00,26,26,26
"11",2019-03-04 11:00:00,26.2924166666667,26.2924166666667,26.2924166666667
"12",2019-03-04 12:00:00,27.0018333333333,27.0018333333333,27.0018333333333
"13",2019-03-04 13:00:00,27.5501666666667,27.5501666666667,27.5501666666667
"14",2019-03-04 14:00:00,27.8540833333333,27.8540833333333,27.8540833333333
"15",2019-03-04 15:00:00,27.82125,27.82125,27.82125
"16",2019-03-04 16:00:00,27.29625,27.29625,27.29625
"17",2019-03-04 17:00:00,26.9116666666667,26.9116666666667,26.9116666666667
"18",2019-03-04 18:00:00,26.7156666666667,26.7156666666667,26.7156666666667
"19",2019-03-04 19:00:00,26.569,26.569,26.569
"20",2019-03-04 20:00:00,26.2435833333333,26.2435833333333,26.2435833333333
"21",2019-03-04 21:00:00,26.0404166666667,26.0404166666667,26.0404166666667
"22",2019-03-04 22:00:00,25.8696666666667,25.8696666666667,25.8696666666667
"23",2019-03-04 23:00:00,25.7645833333333,25.7645833333333,25.7645833333333
"24",2019-03-05 00:00:00,25.6265,25.6265,25.6265
"25",2019-03-05 01:00:00,25.4564166666667,25.4564166666667,25.4564166666667
"26",2019-03-05 02:00:00,25.416,25.416,25.416
"27",2019-03-05 03:00:00,25.319,25.319,25.319
"28",2019-03-05 04:00:00,25.2624166666667,25.2624166666667,25.2624166666667
"29",2019-03-05 05:00:00,25.1654166666667,25.1654166666667,25.1654166666667
"30",2019-03-05 06:00:00,25.125,25.125,25.125
"31",2019-03-05 07:00:00,25.2300833333333,25.2300833333333,25.2300833333333
"32",2019-03-05 08:00:00,25.4969166666667,25.4969166666667,25.4969166666667
"33",2019-03-05 09:00:00,26.0891666666667,26.0891666666667,26.0891666666667
"34",2019-03-05 10:00:00,26.5203333333333,26.5203333333333,26.5203333333333
"35",2019-03-05 11:00:00,27.2141666666667,27.2141666666667,27.2141666666667
"36",2019-03-05 12:00:00,27.5338333333333,27.5338333333333,27.5338333333333
"37",2019-03-05 13:00:00,27.46,27.46,27.46
"38",2019-03-05 14:00:00,27.2800833333333,27.2800833333333,27.2800833333333
"39",2019-03-05 15:00:00,27.2225,27.2225,27.2225
"40",2019-03-05 16:00:00,27.0913333333333,27.0913333333333,27.0913333333333
"41",2019-03-05 17:00:00,26.8871666666667,26.8871666666667,26.8871666666667
"42",2019-03-05 18:00:00,26.7891666666667,26.7891666666667,26.7891666666667
"43",2019-03-05 19:00:00,26.781,26.781,26.781
"44",2019-03-05 20:00:00,26.781,26.781,26.781
"45",2019-03-05 21:00:00,26.7075,26.7075,26.7075
"46",2019-03-05 22:00:00,26.683,26.683,26.683
"47",2019-03-05 23:00:00,26.58525,26.58525,26.58525
"48",2019-03-06 00:00:00,26.3655833333333,26.3655833333333,26.3655833333333
"49",2019-03-06 01:00:00,26.0566666666667,26.0566666666667,26.0566666666667
"50",2019-03-06 02:00:00,25.8454166666667,25.8454166666667,25.8454166666667
"51",2019-03-06 03:00:00,25.805,25.805,25.805
"52",2019-03-06 04:00:00,25.805,25.805,25.805
"53",2019-03-06 05:00:00,25.8615833333333,25.8615833333333,25.8615833333333
"54",2019-03-06 06:00:00,26.0566666666667,26.0566666666667,26.0566666666667
"55",2019-03-06 07:00:00,26.2515833333333,26.2515833333333,26.2515833333333
"56",2019-03-06 08:00:00,26.5365833333333,26.5365833333333,26.5365833333333
"57",2019-03-06 09:00:00,26.879,26.879,26.879
"58",2019-03-06 10:00:00,27.1815833333333,27.1815833333333,27.1815833333333
"59",2019-03-06 11:00:00,27.5093333333333,27.5093333333333,27.5093333333333
"60",2019-03-06 12:00:00,27.6570833333333,27.6570833333333,27.6570833333333
"61",2019-03-06 13:00:00,27.7226666666667,27.7226666666667,27.7226666666667
"62",2019-03-06 14:00:00,27.7885,27.7885,27.7885
"63",2019-03-06 15:00:00,27.6078333333333,27.6078333333333,27.6078333333333
"64",2019-03-06 16:00:00,27.3371666666667,27.3371666666667,27.3371666666667
"65",2019-03-06 17:00:00,27.026,27.026,27.026
"66",2019-03-06 18:00:00,27.075,27.075,27.075
"67",2019-03-06 19:00:00,27.0913333333333,27.0913333333333,27.0913333333333
"68",2019-03-06 20:00:00,27.2555,27.2555,27.2555
"69",2019-03-06 21:00:00,27.0995833333333,27.0995833333333,27.0995833333333
"70",2019-03-06 22:00:00,26.879,26.879,26.879
"71",2019-03-06 23:00:00,26.7646666666667,26.7646666666667,26.7646666666667
"72",2019-03-07 00:00:00,26.6503333333333,26.6503333333333,26.6503333333333
"73",2019-03-07 01:00:00,26.4306666666667,26.4306666666667,26.4306666666667
"74",2019-03-07 02:00:00,26.1054166666667,26.1054166666667,26.1054166666667
"75",2019-03-07 03:00:00,25.9021666666667,25.9021666666667,25.9021666666667
"76",2019-03-07 04:00:00,25.805,25.805,25.805
"77",2019-03-07 05:00:00,25.8130833333333,25.8130833333333,25.8130833333333
"78",2019-03-07 06:00:00,26.0566666666667,26.0566666666667,26.0566666666667
"79",2019-03-07 07:00:00,26.3655,26.3655,26.3655
"80",2019-03-07 08:00:00,26.70775,26.70775,26.70775
"81",2019-03-07 09:00:00,27.2308333333333,27.2308333333333,27.2308333333333
"82",2019-03-07 10:00:00,27.986,27.986,27.986
"83",2019-03-07 11:00:00,28.48925,28.48925,28.48925
"84",2019-03-07 12:00:00,28.86975,28.86975,28.86975
"85",2019-03-07 13:00:00,29.244,29.244,29.244
"86",2019-03-07 14:00:00,29.452,29.452,29.452
"87",2019-03-07 15:00:00,29.061,29.061,29.061
"88",2019-03-07 16:00:00,28.2250833333333,28.2250833333333,28.2250833333333
"89",2019-03-07 17:00:00,27.46025,27.46025,27.46025
"90",2019-03-07 18:00:00,27.1651666666667,27.1651666666667,27.1651666666667
"91",2019-03-07 19:00:00,27.2801666666667,27.2801666666667,27.2801666666667
"92",2019-03-07 20:00:00,27.2389166666667,27.2389166666667,27.2389166666667
"93",2019-03-07 21:00:00,27.3455,27.3455,27.3455
"94",2019-03-07 22:00:00,27.1896666666667,27.1896666666667,27.1896666666667
"95",2019-03-07 23:00:00,27.0178333333333,27.0178333333333,27.0178333333333
"96",2019-03-08 00:00:00,26.8463333333333,26.8463333333333,26.8463333333333
"97",2019-03-08 01:00:00,26.6016666666667,26.6016666666667,26.6016666666667
"98",2019-03-08 02:00:00,26.19475,26.19475,26.19475
"99",2019-03-08 03:00:00,25.8293333333333,25.8293333333333,25.8293333333333
"100",2019-03-08 04:00:00,25.6345,25.6345,25.6345
"101",2019-03-08 05:00:00,25.5210833333333,25.5210833333333,25.5210833333333
"102",2019-03-08 06:00:00,25.6346666666667,25.6346666666667,25.6346666666667
"103",2019-03-08 07:00:00,26.0404166666667,26.0404166666667,26.0404166666667
"104",2019-03-08 08:00:00,26.4956666666667,26.4956666666667,26.4956666666667
"105",2019-03-08 09:00:00,26.7401666666667,26.7401666666667,26.7401666666667
"106",2019-03-08 10:00:00,27.3781666666667,27.3781666666667,27.3781666666667
"107",2019-03-08 11:00:00,28.0025,28.0025,28.0025
"108",2019-03-08 12:00:00,28.33225,28.33225,28.33225
"109",2019-03-08 13:00:00,27.961,27.961,27.961
"110",2019-03-08 14:00:00,27.7883333333333,27.7883333333333,27.7883333333333
"111",2019-03-08 15:00:00,27.2634166666667,27.2634166666667,27.2634166666667
"112",2019-03-08 16:00:00,26.83,26.83,26.83
"113",2019-03-08 17:00:00,26.4631666666667,26.4631666666667,26.4631666666667
"114",2019-03-08 18:00:00,26.1296666666667,26.1296666666667,26.1296666666667
"115",2019-03-08 19:00:00,26.3494166666667,26.3494166666667,26.3494166666667
"116",2019-03-08 20:00:00,26.6258333333333,26.6258333333333,26.6258333333333
"117",2019-03-08 21:00:00,26.5933333333333,26.5933333333333,26.5933333333333
"118",2019-03-08 22:00:00,26.4308333333333,26.4308333333333,26.4308333333333
"119",2019-03-08 23:00:00,26.3083333333333,26.3083333333333,26.3083333333333
"120",2019-03-09 00:00:00,26.2758333333333,26.2758333333333,26.2758333333333
"121",2019-03-09 01:00:00,26.1378333333333,26.1378333333333,26.1378333333333
"122",2019-03-09 02:00:00,25.9590833333333,25.9590833333333,25.9590833333333
"123",2019-03-09 03:00:00,25.7483333333333,25.7483333333333,25.7483333333333
"124",2019-03-09 04:00:00,25.5534166666667,25.5534166666667,25.5534166666667
"125",2019-03-09 05:00:00,25.4321666666667,25.4321666666667,25.4321666666667
"126",2019-03-09 06:00:00,25.44025,25.44025,25.44025
"127",2019-03-09 07:00:00,25.6995,25.6995,25.6995
"128",2019-03-09 08:00:00,26.1620833333333,26.1620833333333,26.1620833333333
"129",2019-03-09 09:00:00,26.39,26.39,26.39
"130",2019-03-09 10:00:00,26.9445833333333,26.9445833333333,26.9445833333333
"131",2019-03-09 11:00:00,27.6980833333333,27.6980833333333,27.6980833333333
"132",2019-03-09 12:00:00,28.1755,28.1755,28.1755
"133",2019-03-09 13:00:00,28.2085,28.2085,28.2085
"134",2019-03-09 14:00:00,28.29925,28.29925,28.29925
"135",2019-03-09 15:00:00,28.08475,28.08475,28.08475
"136",2019-03-09 16:00:00,27.6079166666667,27.6079166666667,27.6079166666667
"137",2019-03-09 17:00:00,27.0589166666667,27.0589166666667,27.0589166666667
"138",2019-03-09 18:00:00,26.5283333333333,26.5283333333333,26.5283333333333
"139",2019-03-09 19:00:00,26.398,26.398,26.398
"140",2019-03-09 20:00:00,26.732,26.732,26.732
"141",2019-03-09 21:00:00,26.8055,26.8055,26.8055
"142",2019-03-09 22:00:00,26.879,26.879,26.879
"143",2019-03-09 23:00:00,26.7728333333333,26.7728333333333,26.7728333333333
"144",2019-03-10 00:00:00,26.683,26.683,26.683
"145",2019-03-10 01:00:00,26.6176666666667,26.6176666666667,26.6176666666667
"146",2019-03-10 02:00:00,26.4876666666667,26.4876666666667,26.4876666666667
"147",2019-03-10 03:00:00,26.16225,26.16225,26.16225
"148",2019-03-10 04:00:00,25.8131666666667,25.8131666666667,25.8131666666667
"149",2019-03-10 05:00:00,25.5453333333333,25.5453333333333,25.5453333333333
"150",2019-03-10 06:00:00,25.416,25.416,25.416
"151",2019-03-10 07:00:00,25.5535833333333,25.5535833333333,25.5535833333333
"152",2019-03-10 08:00:00,26.12175,26.12175,26.12175
"153",2019-03-10 09:00:00,26.73225,26.73225,26.73225
"154",2019-03-10 10:00:00,27.5175833333333,27.5175833333333,27.5175833333333
"155",2019-03-10 11:00:00,28.33225,28.33225,28.33225
"156",2019-03-10 12:00:00,28.63825,28.63825,28.63825
"157",2019-03-10 13:00:00,28.89475,28.89475,28.89475
"158",2019-03-10 14:00:00,29.1440833333333,29.1440833333333,29.1440833333333
"159",2019-03-10 15:00:00,29.0858333333333,29.0858333333333,29.0858333333333
"160",2019-03-10 16:00:00,28.4563333333333,28.4563333333333,28.4563333333333
"161",2019-03-10 17:00:00,27.6078333333333,27.6078333333333,27.6078333333333
"162",2019-03-10 18:00:00,26.928,26.928,26.928
"163",2019-03-10 19:00:00,26.569,26.569,26.569
"164",2019-03-10 20:00:00,26.9035,26.9035,26.9035
"165",2019-03-10 21:00:00,26.9688333333333,26.9688333333333,26.9688333333333
"166",2019-03-10 22:00:00,27.026,27.026,27.026
"167",2019-03-10 23:00:00,26.9933333333333,26.9933333333333,26.9933333333333
"168",2019-03-11 00:00:00,26.8626666666667,26.8626666666667,26.8626666666667
"169",2019-03-11 01:00:00,26.7728333333333,26.7728333333333,26.7728333333333
"170",2019-03-11 02:00:00,26.6421666666667,26.6421666666667,26.6421666666667
"171",2019-03-11 03:00:00,26.5120833333333,26.5120833333333,26.5120833333333
"172",2019-03-11 04:00:00,26.2354166666667,26.2354166666667,26.2354166666667
"173",2019-03-11 05:00:00,25.96725,25.96725,25.96725
"174",2019-03-11 06:00:00,25.8535,25.8535,25.8535
"175",2019-03-11 07:00:00,25.9915,25.9915,25.9915
"176",2019-03-11 08:00:00,26.4306666666667,26.4306666666667,26.4306666666667
"177",2019-03-11 09:00:00,26.9445833333333,26.9445833333333,26.9445833333333
"178",2019-03-11 10:00:00,28.2336666666667,28.2336666666667,28.2336666666667
"179",2019-03-11 11:00:00,29.13575,29.13575,29.13575
"180",2019-03-11 12:00:00,29.4020833333333,29.4020833333333,29.4020833333333
"181",2019-03-11 13:00:00,29.7859166666667,29.7859166666667,29.7859166666667
"182",2019-03-11 14:00:00,29.8025833333333,29.8025833333333,29.8025833333333
"183",2019-03-11 15:00:00,29.1109166666667,29.1109166666667,29.1109166666667
"184",2019-03-11 16:00:00,28.5555,28.5555,28.5555
"185",2019-03-11 17:00:00,27.7393333333333,27.7393333333333,27.7393333333333
"186",2019-03-11 18:00:00,27.0343333333333,27.0343333333333,27.0343333333333
"187",2019-03-11 19:00:00,26.6421666666667,26.6421666666667,26.6421666666667
"188",2019-03-11 20:00:00,26.8218333333333,26.8218333333333,26.8218333333333
"189",2019-03-11 21:00:00,27.0586666666667,27.0586666666667,27.0586666666667
"190",2019-03-11 22:00:00,27.075,27.075,27.075
"191",2019-03-11 23:00:00,27.0505,27.0505,27.0505
"192",2019-03-12 00:00:00,26.977,26.977,26.977
"193",2019-03-12 01:00:00,26.8953333333333,26.8953333333333,26.8953333333333
"194",2019-03-12 02:00:00,26.8381666666667,26.8381666666667,26.8381666666667
"195",2019-03-12 03:00:00,26.732,26.732,26.732
"196",2019-03-12 04:00:00,26.6096666666667,26.6096666666667,26.6096666666667
"197",2019-03-12 05:00:00,26.4145,26.4145,26.4145
"198",2019-03-12 06:00:00,26.2435,26.2435,26.2435
"199",2019-03-12 07:00:00,26.2435833333333,26.2435833333333,26.2435833333333
"200",2019-03-12 08:00:00,26.5446666666667,26.5446666666667,26.5446666666667
"201",2019-03-12 09:00:00,27.3059166666667,27.3059166666667,27.3059166666667
"202",2019-03-12 10:00:00,29.21925,29.21925,29.21925
"203",2019-03-12 11:00:00,29.53575,29.53575,29.53575
"204",2019-03-12 12:00:00,29.477,29.477,29.477
"205",2019-03-12 13:00:00,29.4186666666667,29.4186666666667,29.4186666666667
"206",2019-03-12 14:00:00,29.6354166666667,29.6354166666667,29.6354166666667
"207",2019-03-12 15:00:00,29.3105833333333,29.3105833333333,29.3105833333333
"208",2019-03-12 16:00:00,28.953,28.953,28.953
"209",2019-03-12 17:00:00,28.5471666666667,28.5471666666667,28.5471666666667
"210",2019-03-12 18:00:00,27.79675,27.79675,27.79675
"211",2019-03-12 19:00:00,27.1815,27.1815,27.1815
"212",2019-03-12 20:00:00,26.879,26.879,26.879
"213",2019-03-12 21:00:00,26.9035,26.9035,26.9035
"214",2019-03-12 22:00:00,27.0831666666667,27.0831666666667,27.0831666666667
"215",2019-03-12 23:00:00,27.1485,27.1485,27.1485
"216",2019-03-13 00:00:00,26.9688333333333,26.9688333333333,26.9688333333333
"217",2019-03-13 01:00:00,26.879,26.879,26.879
"218",2019-03-13 02:00:00,26.879,26.879,26.879
"219",2019-03-13 03:00:00,26.879,26.879,26.879
"220",2019-03-13 04:00:00,26.7973333333333,26.7973333333333,26.7973333333333
"221",2019-03-13 05:00:00,26.6911666666667,26.6911666666667,26.6911666666667
"222",2019-03-13 06:00:00,26.504,26.504,26.504
"223",2019-03-13 07:00:00,26.39,26.39,26.39
"224",2019-03-13 08:00:00,26.6261666666667,26.6261666666667,26.6261666666667
"225",2019-03-13 09:00:00,27.1493333333333,27.1493333333333,27.1493333333333
"226",2019-03-13 10:00:00,28.53075,28.53075,28.53075
"227",2019-03-13 11:00:00,29.1525,29.1525,29.1525
"228",2019-03-13 12:00:00,29.7776666666667,29.7776666666667,29.7776666666667
"229",2019-03-13 13:00:00,30.4319166666667,30.4319166666667,30.4319166666667
"230",2019-03-13 14:00:00,30.4401666666667,30.4401666666667,30.4401666666667
"231",2019-03-13 15:00:00,30.1046666666667,30.1046666666667,30.1046666666667
"232",2019-03-13 16:00:00,29.3936666666667,29.3936666666667,29.3936666666667
"233",2019-03-13 17:00:00,29.061,29.061,29.061
"234",2019-03-13 18:00:00,28.6381666666667,28.6381666666667,28.6381666666667
"235",2019-03-13 19:00:00,27.9283333333333,27.9283333333333,27.9283333333333
"236",2019-03-13 20:00:00,27.3865,27.3865,27.3865
"237",2019-03-13 21:00:00,27.272,27.272,27.272
"238",2019-03-13 22:00:00,27.4108333333333,27.4108333333333,27.4108333333333
"239",2019-03-13 23:00:00,27.468,27.468,27.468
"240",2019-03-14 00:00:00,27.4516666666667,27.4516666666667,27.4516666666667
"241",2019-03-14 01:00:00,27.37,27.37,27.37
"242",2019-03-14 02:00:00,27.321,27.321,27.321
"243",2019-03-14 03:00:00,27.19775,27.19775,27.19775
"244",2019-03-14 04:00:00,27.124,27.124,27.124
"245",2019-03-14 05:00:00,27.075,27.075,27.075
"246",2019-03-14 06:00:00,27.026,27.026,27.026
"247",2019-03-14 07:00:00,27.075,27.075,27.075
"248",2019-03-14 08:00:00,27.288,27.288,27.288
"249",2019-03-14 09:00:00,27.6489166666667,27.6489166666667,27.6489166666667
"250",2019-03-14 10:00:00,28.9534166666667,28.9534166666667,28.9534166666667
"251",2019-03-14 11:00:00,30.0378333333333,30.0378333333333,30.0378333333333
"252",2019-03-14 12:00:00,30.6255833333333,30.6255833333333,30.6255833333333
"253",2019-03-14 13:00:00,30.8956666666667,30.8956666666667,30.8956666666667
"254",2019-03-14 14:00:00,31.0895,31.0895,31.0895
"255",2019-03-14 15:00:00,30.609,30.609,30.609
"256",2019-03-14 16:00:00,29.9113333333333,29.9113333333333,29.9113333333333
"257",2019-03-14 17:00:00,29.4603333333333,29.4603333333333,29.4603333333333
"258",2019-03-14 18:00:00,29.2270833333333,29.2270833333333,29.2270833333333
"259",2019-03-14 19:00:00,28.7955,28.7955,28.7955
"260",2019-03-14 20:00:00,28.2085,28.2085,28.2085
"261",2019-03-14 21:00:00,27.739,27.739,27.739
"262",2019-03-14 22:00:00,27.6241666666667,27.6241666666667,27.6241666666667
"263",2019-03-14 23:00:00,27.567,27.567,27.567
"264",2019-03-15 00:00:00,27.567,27.567,27.567
"265",2019-03-15 01:00:00,27.5175,27.5175,27.5175
"266",2019-03-15 02:00:00,27.3863333333333,27.3863333333333,27.3863333333333
"267",2019-03-15 03:00:00,27.37,27.37,27.37
"268",2019-03-15 04:00:00,27.37,27.37,27.37
"269",2019-03-15 05:00:00,27.37,27.37,27.37
"270",2019-03-15 06:00:00,27.37,27.37,27.37
"271",2019-03-15 07:00:00,27.37,27.37,27.37
"272",2019-03-15 08:00:00,27.5010833333333,27.5010833333333,27.5010833333333
"273",2019-03-15 09:00:00,28.3008333333333,28.3008333333333,28.3008333333333
"274",2019-03-15 10:00:00,30.3985,30.3985,30.3985
"275",2019-03-15 11:00:00,30.9890833333333,30.9890833333333,30.9890833333333
"276",2019-03-15 12:00:00,31.0220833333333,31.0220833333333,31.0220833333333
"277",2019-03-15 13:00:00,31.0555833333333,31.0555833333333,31.0555833333333
"278",2019-03-15 14:00:00,31.149,31.149,31.149
"279",2019-03-15 15:00:00,30.6846666666667,30.6846666666667,30.6846666666667
"280",2019-03-15 16:00:00,29.69425,29.69425,29.69425
"281",2019-03-15 17:00:00,28.8039166666667,28.8039166666667,28.8039166666667
"282",2019-03-15 18:00:00,28.555,28.555,28.555
"283",2019-03-15 19:00:00,28.489,28.489,28.489
"284",2019-03-15 20:00:00,28.291,28.291,28.291
"285",2019-03-15 21:00:00,27.8624166666667,27.8624166666667,27.8624166666667
"286",2019-03-15 22:00:00,27.41925,27.41925,27.41925
"287",2019-03-15 23:00:00,27.1895,27.1895,27.1895
"288",2019-03-16 00:00:00,27.1076666666667,27.1076666666667,27.1076666666667
"289",2019-03-16 01:00:00,27.2060833333333,27.2060833333333,27.2060833333333
"290",2019-03-16 02:00:00,27.4108333333333,27.4108333333333,27.4108333333333
"291",2019-03-16 03:00:00,27.3454166666667,27.3454166666667,27.3454166666667
"292",2019-03-16 04:00:00,27.1076666666667,27.1076666666667,27.1076666666667
"293",2019-03-16 05:00:00,27.0096666666667,27.0096666666667,27.0096666666667
"294",2019-03-16 06:00:00,26.9361666666667,26.9361666666667,26.9361666666667
"295",2019-03-16 07:00:00,26.9933333333333,26.9933333333333,26.9933333333333
"296",2019-03-16 08:00:00,27.18975,27.18975,27.18975
"297",2019-03-16 09:00:00,27.7889166666667,27.7889166666667,27.7889166666667
"298",2019-03-16 10:00:00,29.1780833333333,29.1780833333333,29.1780833333333
"299",2019-03-16 11:00:00,30.0035,30.0035,30.0035
"300",2019-03-16 12:00:00,30.213,30.213,30.213
"301",2019-03-16 13:00:00,30.457,30.457,30.457
"302",2019-03-16 14:00:00,30.2889166666667,30.2889166666667,30.2889166666667
"303",2019-03-16 15:00:00,29.5855833333333,29.5855833333333,29.5855833333333
"304",2019-03-16 16:00:00,29.3186666666667,29.3186666666667,29.3186666666667
"305",2019-03-16 17:00:00,29.20225,29.20225,29.20225
"306",2019-03-16 18:00:00,28.8035833333333,28.8035833333333,28.8035833333333
"307",2019-03-16 19:00:00,28.481,28.481,28.481
"308",2019-03-16 20:00:00,28.01875,28.01875,28.01875
"309",2019-03-16 21:00:00,27.7556666666667,27.7556666666667,27.7556666666667
"310",2019-03-16 22:00:00,27.5585,27.5585,27.5585
"311",2019-03-16 23:00:00,27.1979166666667,27.1979166666667,27.1979166666667
"312",2019-03-17 00:00:00,26.8626666666667,26.8626666666667,26.8626666666667
"313",2019-03-17 01:00:00,26.7565,26.7565,26.7565
"314",2019-03-17 02:00:00,27.026,27.026,27.026
"315",2019-03-17 03:00:00,27.1648333333333,27.1648333333333,27.1648333333333
"316",2019-03-17 04:00:00,27.0913333333333,27.0913333333333,27.0913333333333
"317",2019-03-17 05:00:00,27.0015,27.0015,27.0015
"318",2019-03-17 06:00:00,26.9933333333333,26.9933333333333,26.9933333333333
"319",2019-03-17 07:00:00,27.1566666666667,27.1566666666667,27.1566666666667
"320",2019-03-17 08:00:00,27.3045,27.3045,27.3045
"321",2019-03-17 09:00:00,27.7723333333333,27.7723333333333,27.7723333333333
"322",2019-03-17 10:00:00,29.2279166666667,29.2279166666667,29.2279166666667
"323",2019-03-17 11:00:00,30.4571666666667,30.4571666666667,30.4571666666667
"324",2019-03-17 12:00:00,30.9124166666667,30.9124166666667,30.9124166666667
"325",2019-03-17 13:00:00,30.828,30.828,30.828
"326",2019-03-17 14:00:00,30.8871666666667,30.8871666666667,30.8871666666667
"327",2019-03-17 15:00:00,30.44075,30.44075,30.44075
"328",2019-03-17 16:00:00,29.27725,29.27725,29.27725
"329",2019-03-17 17:00:00,28.9863333333333,28.9863333333333,28.9863333333333
"330",2019-03-17 18:00:00,28.9281666666667,28.9281666666667,28.9281666666667
"331",2019-03-17 19:00:00,28.5554166666667,28.5554166666667,28.5554166666667
"332",2019-03-17 20:00:00,28.06825,28.06825,28.06825
"333",2019-03-17 21:00:00,27.6489166666667,27.6489166666667,27.6489166666667
"334",2019-03-17 22:00:00,27.534,27.534,27.534
"335",2019-03-17 23:00:00,27.4435833333333,27.4435833333333,27.4435833333333
"336",2019-03-18 00:00:00,27.1324166666667,27.1324166666667,27.1324166666667
"337",2019-03-18 01:00:00,26.8055,26.8055,26.8055
"338",2019-03-18 02:00:00,26.5931666666667,26.5931666666667,26.5931666666667
"339",2019-03-18 03:00:00,26.7483333333333,26.7483333333333,26.7483333333333
"340",2019-03-18 04:00:00,26.9525,26.9525,26.9525
"341",2019-03-18 05:00:00,26.9361666666667,26.9361666666667,26.9361666666667
"342",2019-03-18 06:00:00,26.879,26.879,26.879
"343",2019-03-18 07:00:00,26.9443333333333,26.9443333333333,26.9443333333333
"344",2019-03-18 08:00:00,27.1569166666667,27.1569166666667,27.1569166666667
"345",2019-03-18 09:00:00,27.7319166666667,27.7319166666667,27.7319166666667
"346",2019-03-18 10:00:00,29.2109166666667,29.2109166666667,29.2109166666667
"347",2019-03-18 11:00:00,30.163,30.163,30.163
"348",2019-03-18 12:00:00,30.79425,30.79425,30.79425
"349",2019-03-18 13:00:00,30.8956666666667,30.8956666666667,30.8956666666667
"350",2019-03-18 14:00:00,31.0050833333333,31.0050833333333,31.0050833333333
"351",2019-03-18 15:00:00,30.575,30.575,30.575
"352",2019-03-18 16:00:00,29.9785,29.9785,29.9785
"353",2019-03-18 17:00:00,28.9865,28.9865,28.9865
"354",2019-03-18 18:00:00,28.63,28.63,28.63
"355",2019-03-18 19:00:00,28.41475,28.41475,28.41475
"356",2019-03-18 20:00:00,27.9529166666667,27.9529166666667,27.9529166666667
"357",2019-03-18 21:00:00,27.6160833333333,27.6160833333333,27.6160833333333
"358",2019-03-18 22:00:00,27.4598333333333,27.4598333333333,27.4598333333333
"359",2019-03-18 23:00:00,27.468,27.468,27.468
"360",2019-03-19 00:00:00,27.4271666666667,27.4271666666667,27.4271666666667
"361",2019-03-19 01:00:00,27.1815,27.1815,27.1815
"362",2019-03-19 02:00:00,26.8708333333333,26.8708333333333,26.8708333333333
"363",2019-03-19 03:00:00,26.634,26.634,26.634
"364",2019-03-19 04:00:00,26.6666666666667,26.6666666666667,26.6666666666667
"365",2019-03-19 05:00:00,26.8626666666667,26.8626666666667,26.8626666666667
"366",2019-03-19 06:00:00,26.9443333333333,26.9443333333333,26.9443333333333
"367",2019-03-19 07:00:00,27.0015,27.0015,27.0015
"368",2019-03-19 08:00:00,27.1979166666667,27.1979166666667,27.1979166666667
"369",2019-03-19 09:00:00,27.5093333333333,27.5093333333333,27.5093333333333
"370",2019-03-19 10:00:00,28.8044166666667,28.8044166666667,28.8044166666667
"371",2019-03-19 11:00:00,30.0455833333333,30.0455833333333,30.0455833333333
"372",2019-03-19 12:00:00,31.0821666666667,31.0821666666667,31.0821666666667
"373",2019-03-19 13:00:00,31.8809166666667,31.8809166666667,31.8809166666667
"374",2019-03-19 14:00:00,31.5145,31.5145,31.5145
"375",2019-03-19 15:00:00,30.8790833333333,30.8790833333333,30.8790833333333
"376",2019-03-19 16:00:00,29.9531666666667,29.9531666666667,29.9531666666667
"377",2019-03-19 17:00:00,29.4024166666667,29.4024166666667,29.4024166666667
"378",2019-03-19 18:00:00,28.47275,28.47275,28.47275
"379",2019-03-19 19:00:00,28.291,28.291,28.291
"380",2019-03-19 20:00:00,28.0023333333333,28.0023333333333,28.0023333333333
"381",2019-03-19 21:00:00,27.6325,27.6325,27.6325
"382",2019-03-19 22:00:00,27.5175,27.5175,27.5175
"383",2019-03-19 23:00:00,27.468,27.468,27.468
"384",2019-03-20 00:00:00,27.468,27.468,27.468
"385",2019-03-20 01:00:00,27.4271666666667,27.4271666666667,27.4271666666667
"386",2019-03-20 02:00:00,27.2470833333333,27.2470833333333,27.2470833333333
"387",2019-03-20 03:00:00,27.0015,27.0015,27.0015
"388",2019-03-20 04:00:00,26.8055,26.8055,26.8055
"389",2019-03-20 05:00:00,26.8055,26.8055,26.8055
"390",2019-03-20 06:00:00,27.0015,27.0015,27.0015
"391",2019-03-20 07:00:00,27.1648333333333,27.1648333333333,27.1648333333333
"392",2019-03-20 08:00:00,27.21425,27.21425,27.21425
"393",2019-03-20 09:00:00,27.5176666666667,27.5176666666667,27.5176666666667
"394",2019-03-20 10:00:00,28.7458333333333,28.7458333333333,28.7458333333333
"395",2019-03-20 11:00:00,28.6546666666667,28.6546666666667,28.6546666666667
"396",2019-03-20 12:00:00,28.8869166666667,28.8869166666667,28.8869166666667
"397",2019-03-20 13:00:00,29.8361666666667,29.8361666666667,29.8361666666667
"398",2019-03-20 14:00:00,30.2970833333333,30.2970833333333,30.2970833333333
"399",2019-03-20 15:00:00,30.0285833333333,30.0285833333333,30.0285833333333
"400",2019-03-20 16:00:00,29.3936666666667,29.3936666666667,29.3936666666667
"401",2019-03-20 17:00:00,29.0113333333333,29.0113333333333,29.0113333333333
"402",2019-03-20 18:00:00,28.5058333333333,28.5058333333333,28.5058333333333
"403",2019-03-20 19:00:00,28.01875,28.01875,28.01875
"404",2019-03-20 20:00:00,27.9035,27.9035,27.9035
"405",2019-03-20 21:00:00,27.5255833333333,27.5255833333333,27.5255833333333
"406",2019-03-20 22:00:00,27.468,27.468,27.468
"407",2019-03-20 23:00:00,27.468,27.468,27.468
"408",2019-03-21 00:00:00,27.468,27.468,27.468
"409",2019-03-21 01:00:00,27.468,27.468,27.468
"410",2019-03-21 02:00:00,27.3945,27.3945,27.3945
"411",2019-03-21 03:00:00,27.1896666666667,27.1896666666667,27.1896666666667
"412",2019-03-21 04:00:00,26.9525,26.9525,26.9525
"413",2019-03-21 05:00:00,26.781,26.781,26.781
"414",2019-03-21 06:00:00,26.879,26.879,26.879
"415",2019-03-21 07:00:00,27.1321666666667,27.1321666666667,27.1321666666667
"416",2019-03-21 08:00:00,27.173,27.173,27.173
"417",2019-03-21 09:00:00,27.29625,27.29625,27.29625
"418",2019-03-21 10:00:00,28.0436666666667,28.0436666666667,28.0436666666667
"419",2019-03-21 11:00:00,28.5801666666667,28.5801666666667,28.5801666666667
"420",2019-03-21 12:00:00,28.98625,28.98625,28.98625
"421",2019-03-21 13:00:00,29.6606666666667,29.6606666666667,29.6606666666667
"422",2019-03-21 14:00:00,30.1039166666667,30.1039166666667,30.1039166666667
"423",2019-03-21 15:00:00,29.945,29.945,29.945
"424",2019-03-21 16:00:00,29.31875,29.31875,29.31875
"425",2019-03-21 17:00:00,28.7789166666667,28.7789166666667,28.7789166666667
"426",2019-03-21 18:00:00,28.6133333333333,28.6133333333333,28.6133333333333
"427",2019-03-21 19:00:00,28.20025,28.20025,28.20025
"428",2019-03-21 20:00:00,28.06,28.06,28.06
"429",2019-03-21 21:00:00,27.7884166666667,27.7884166666667,27.7884166666667
"430",2019-03-21 22:00:00,27.4190833333333,27.4190833333333,27.4190833333333
"431",2019-03-21 23:00:00,27.468,27.468,27.468
"432",2019-03-22 00:00:00,27.4026666666667,27.4026666666667,27.4026666666667
"433",2019-03-22 01:00:00,27.3128333333333,27.3128333333333,27.3128333333333
"434",2019-03-22 02:00:00,27.2555,27.2555,27.2555
"435",2019-03-22 03:00:00,27.1485,27.1485,27.1485
"436",2019-03-22 04:00:00,26.9688333333333,26.9688333333333,26.9688333333333
"437",2019-03-22 05:00:00,26.7891666666667,26.7891666666667,26.7891666666667
"438",2019-03-22 06:00:00,26.6258333333333,26.6258333333333,26.6258333333333
"439",2019-03-22 07:00:00,26.7973333333333,26.7973333333333,26.7973333333333
"440",2019-03-22 08:00:00,27.0586666666667,27.0586666666667,27.0586666666667
"441",2019-03-22 09:00:00,27.1241666666667,27.1241666666667,27.1241666666667
"442",2019-03-22 10:00:00,27.6981666666667,27.6981666666667,27.6981666666667
"443",2019-03-22 11:00:00,28.3735,28.3735,28.3735
"444",2019-03-22 12:00:00,28.5058333333333,28.5058333333333,28.5058333333333
"445",2019-03-22 13:00:00,29.0443333333333,29.0443333333333,29.0443333333333
"446",2019-03-22 14:00:00,29.502,29.502,29.502
"447",2019-03-22 15:00:00,29.4021666666667,29.4021666666667,29.4021666666667
"448",2019-03-22 16:00:00,28.74575,28.74575,28.74575
"449",2019-03-22 17:00:00,28.1508333333333,28.1508333333333,28.1508333333333
"450",2019-03-22 18:00:00,27.4275833333333,27.4275833333333,27.4275833333333
"451",2019-03-22 19:00:00,27.5503333333333,27.5503333333333,27.5503333333333
"452",2019-03-22 20:00:00,27.6078333333333,27.6078333333333,27.6078333333333
"453",2019-03-22 21:00:00,27.5093333333333,27.5093333333333,27.5093333333333
"454",2019-03-22 22:00:00,27.2143333333333,27.2143333333333,27.2143333333333
"455",2019-03-22 23:00:00,27.1076666666667,27.1076666666667,27.1076666666667
