"","Timepoint","SI_1","SI_2","daily_mean","NA","NA","NA"
"1",2018-04-11 02:00:00,25.1573333333333,25.1573333333333,2018-04-11 02:00:00,2018-04-11 02:00:00,25.0942833333333,25.0942833333333
"2",2018-04-11 03:00:00,25.0474,25.0474,2018-04-11 03:00:00,2018-04-11 03:00:00,24.9423166666667,24.9423166666667
"3",2018-04-11 04:00:00,24.9102,24.9102,2018-04-11 04:00:00,2018-04-11 04:00:00,24.8571833333333,24.8571833333333
"4",2018-04-11 05:00:00,24.835,24.835,2018-04-11 05:00:00,2018-04-11 05:00:00,24.738,24.738
"5",2018-04-11 06:00:00,24.8333833333333,24.8333833333333,2018-04-11 06:00:00,2018-04-11 06:00:00,24.738,24.738
"6",2018-04-11 07:00:00,24.8188333333333,24.8188333333333,2018-04-11 07:00:00,2018-04-11 07:00:00,24.7347666666667,24.7347666666667
"7",2018-04-11 08:00:00,24.96695,24.96695,2018-04-11 08:00:00,2018-04-11 08:00:00,24.7703333333333,24.7703333333333
"8",2018-04-11 09:00:00,25.6589833333333,25.6589833333333,2018-04-11 09:00:00,2018-04-11 09:00:00,25.0927333333333,25.0927333333333
"9",2018-04-11 10:00:00,25.8098166666667,25.8098166666667,2018-04-11 10:00:00,2018-04-11 10:00:00,25.3804333333333,25.3804333333333
"10",2018-04-11 11:00:00,25.47435,25.47435,2018-04-11 11:00:00,2018-04-11 11:00:00,25.3012166666667,25.3012166666667
"11",2018-04-11 12:00:00,25.3578,25.3578,2018-04-11 12:00:00,2018-04-11 12:00:00,25.3222333333333,25.3222333333333
"12",2018-04-11 13:00:00,25.52945,25.52945,2018-04-11 13:00:00,2018-04-11 13:00:00,25.4743333333333,25.4743333333333
"13",2018-04-11 14:00:00,25.35295,25.35295,2018-04-11 14:00:00,2018-04-11 14:00:00,25.6687,25.6687
"14",2018-04-11 15:00:00,25.2414,25.2414,2018-04-11 15:00:00,2018-04-11 15:00:00,25.3836666666667,25.3836666666667
"15",2018-04-11 16:00:00,25.2624166666667,25.2624166666667,2018-04-11 16:00:00,2018-04-11 16:00:00,25.21715,25.21715
"16",2018-04-11 17:00:00,25.222,25.222,2018-04-11 17:00:00,2018-04-11 17:00:00,25.1314666666667,25.1314666666667
"17",2018-04-11 18:00:00,25.222,25.222,2018-04-11 18:00:00,2018-04-11 18:00:00,25.125,25.125
"18",2018-04-11 19:00:00,25.222,25.222,2018-04-11 19:00:00,2018-04-11 19:00:00,25.125,25.125
"19",2018-04-11 20:00:00,25.222,25.222,2018-04-11 20:00:00,2018-04-11 20:00:00,25.125,25.125
"20",2018-04-11 21:00:00,25.13955,25.13955,2018-04-11 21:00:00,2018-04-11 21:00:00,25.12015,25.12015
"21",2018-04-11 22:00:00,25.125,25.125,2018-04-11 22:00:00,2018-04-11 22:00:00,25.0263833333333,25.0263833333333
"22",2018-04-11 23:00:00,25.0393166666667,25.0393166666667,2018-04-11 23:00:00,2018-04-11 23:00:00,24.9407,24.9407
"23",2018-04-12 00:00:00,24.931,24.931,2018-04-12 00:00:00,2018-04-12 00:00:00,24.851,24.851
"24",2018-04-12 01:00:00,24.8686,24.8686,2018-04-12 01:00:00,2018-04-12 01:00:00,24.8236833333333,24.8236833333333
"25",2018-04-12 02:00:00,24.7865,24.7865,2018-04-12 02:00:00,2018-04-12 02:00:00,24.7121333333333,24.7121333333333
"26",2018-04-12 03:00:00,24.6138333333333,24.6138333333333,2018-04-12 03:00:00,2018-04-12 03:00:00,24.5706,24.5706
"27",2018-04-12 04:00:00,24.5142833333333,24.5142833333333,2018-04-12 04:00:00,2018-04-12 04:00:00,24.4366833333333,24.4366833333333
"28",2018-04-12 05:00:00,24.4092,24.4092,2018-04-12 05:00:00,2018-04-12 05:00:00,24.343,24.343
"29",2018-04-12 06:00:00,24.351,24.351,2018-04-12 06:00:00,2018-04-12 06:00:00,24.2726,24.2726
"30",2018-04-12 07:00:00,24.3898,24.3898,2018-04-12 07:00:00,2018-04-12 07:00:00,24.335,24.335
"31",2018-04-12 08:00:00,24.6526833333333,24.6526833333333,2018-04-12 08:00:00,2018-04-12 08:00:00,24.4318166666667,24.4318166666667
"32",2018-04-12 09:00:00,25.1993666666667,25.1993666666667,2018-04-12 09:00:00,2018-04-12 09:00:00,24.8814166666667,24.8814166666667
"33",2018-04-12 10:00:00,25.6704,25.6704,2018-04-12 10:00:00,2018-04-12 10:00:00,25.319,25.319
"34",2018-04-12 11:00:00,25.9655666666667,25.9655666666667,2018-04-12 11:00:00,2018-04-12 11:00:00,25.5972333333333,25.5972333333333
"35",2018-04-12 12:00:00,25.9025166666667,25.9025166666667,2018-04-12 12:00:00,2018-04-12 12:00:00,25.7059666666667,25.7059666666667
"36",2018-04-12 13:00:00,26.0419833333333,26.0419833333333,2018-04-12 13:00:00,2018-04-12 13:00:00,25.8405666666667,25.8405666666667
"37",2018-04-12 14:00:00,25.3400166666667,25.3400166666667,2018-04-12 14:00:00,2018-04-12 14:00:00,25.8438,25.8438
"38",2018-04-12 15:00:00,25.3658833333333,25.3658833333333,2018-04-12 15:00:00,2018-04-12 15:00:00,25.5148,25.5148
"39",2018-04-12 16:00:00,25.4257,25.4257,2018-04-12 16:00:00,2018-04-12 16:00:00,25.416,25.416
"40",2018-04-12 17:00:00,25.3804333333333,25.3804333333333,2018-04-12 17:00:00,2018-04-12 17:00:00,25.3594166666667,25.3594166666667
"41",2018-04-12 18:00:00,25.34325,25.34325,2018-04-12 18:00:00,2018-04-12 18:00:00,25.319,25.319
"42",2018-04-12 19:00:00,25.3852833333333,25.3852833333333,2018-04-12 19:00:00,2018-04-12 19:00:00,25.319,25.319
"43",2018-04-12 20:00:00,25.38205,25.38205,2018-04-12 20:00:00,2018-04-12 20:00:00,25.319,25.319
"44",2018-04-12 21:00:00,25.3513333333333,25.3513333333333,2018-04-12 21:00:00,2018-04-12 21:00:00,25.319,25.319
"45",2018-04-12 22:00:00,25.319,25.319,2018-04-12 22:00:00,2018-04-12 22:00:00,25.319,25.319
"46",2018-04-12 23:00:00,25.319,25.319,2018-04-12 23:00:00,2018-04-12 23:00:00,25.2737333333333,25.2737333333333
"47",2018-04-13 00:00:00,25.2139166666667,25.2139166666667,2018-04-13 00:00:00,2018-04-13 00:00:00,25.18805,25.18805
"48",2018-04-13 01:00:00,25.125,25.125,2018-04-13 01:00:00,2018-04-13 01:00:00,25.0926666666667,25.0926666666667
"49",2018-04-13 02:00:00,25.0942833333333,25.0942833333333,2018-04-13 02:00:00,2018-04-13 02:00:00,25.0247666666667,25.0247666666667
"50",2018-04-13 03:00:00,24.9827333333333,24.9827333333333,2018-04-13 03:00:00,2018-04-13 03:00:00,24.93585,24.93585
"51",2018-04-13 04:00:00,24.9246,24.9246,2018-04-13 04:00:00,2018-04-13 04:00:00,24.8926,24.8926
"52",2018-04-13 05:00:00,24.8398,24.8398,2018-04-13 05:00:00,2018-04-13 05:00:00,24.7784166666667,24.7784166666667
"53",2018-04-13 06:00:00,24.7444666666667,24.7444666666667,2018-04-13 06:00:00,2018-04-13 06:00:00,24.7056666666667,24.7056666666667
"54",2018-04-13 07:00:00,24.80905,24.80905,2018-04-13 07:00:00,2018-04-13 07:00:00,24.7056666666667,24.7056666666667
"55",2018-04-13 08:00:00,25.2690833333333,25.2690833333333,2018-04-13 08:00:00,2018-04-13 08:00:00,24.81385,24.81385
"56",2018-04-13 09:00:00,25.857,25.857,2018-04-13 09:00:00,2018-04-13 09:00:00,25.2996,25.2996
"57",2018-04-13 10:00:00,25.8326833333333,25.8326833333333,2018-04-13 10:00:00,2018-04-13 10:00:00,25.8667,25.8667
"58",2018-04-13 11:00:00,26.2454166666667,26.2454166666667,2018-04-13 11:00:00,2018-04-13 11:00:00,25.9477333333333,25.9477333333333
"59",2018-04-13 12:00:00,26.6258833333333,26.6258833333333,2018-04-13 12:00:00,2018-04-13 12:00:00,26.1182333333333,26.1182333333333
"60",2018-04-13 13:00:00,26.5429,26.5429,2018-04-13 13:00:00,2018-04-13 13:00:00,26.2402333333333,26.2402333333333
"61",2018-04-13 14:00:00,25.7094333333333,25.7094333333333,2018-04-13 14:00:00,2018-04-13 14:00:00,26.1656,26.1656
"62",2018-04-13 15:00:00,25.6753333333333,25.6753333333333,2018-04-13 15:00:00,2018-04-13 15:00:00,25.77595,25.77595
"63",2018-04-13 16:00:00,25.7597333333333,25.7597333333333,2018-04-13 16:00:00,2018-04-13 16:00:00,25.76135,25.76135
"64",2018-04-13 17:00:00,25.80015,25.80015,2018-04-13 17:00:00,2018-04-13 17:00:00,25.7936833333333,25.7936833333333
"65",2018-04-13 18:00:00,25.7306333333333,25.7306333333333,2018-04-13 18:00:00,2018-04-13 18:00:00,25.7241666666667,25.7241666666667
"66",2018-04-13 19:00:00,25.7872166666667,25.7872166666667,2018-04-13 19:00:00,2018-04-13 19:00:00,25.7435666666667,25.7435666666667
"67",2018-04-13 20:00:00,25.73225,25.73225,2018-04-13 20:00:00,2018-04-13 20:00:00,25.7096166666667,25.7096166666667
"68",2018-04-13 21:00:00,25.708,25.708,2018-04-13 21:00:00,2018-04-13 21:00:00,25.708,25.708
"69",2018-04-13 22:00:00,25.7063666666667,25.7063666666667,2018-04-13 22:00:00,2018-04-13 22:00:00,25.6900333333333,25.6900333333333
"70",2018-04-13 23:00:00,25.6132666666667,25.6132666666667,2018-04-13 23:00:00,2018-04-13 23:00:00,25.61,25.61
"71",2018-04-14 00:00:00,25.5938333333333,25.5938333333333,2018-04-14 00:00:00,2018-04-14 00:00:00,25.5841333333333,25.5841333333333
"72",2018-04-14 01:00:00,25.513,25.513,2018-04-14 01:00:00,2018-04-14 01:00:00,25.513,25.513
"73",2018-04-14 02:00:00,25.513,25.513,2018-04-14 02:00:00,2018-04-14 02:00:00,25.4677333333333,25.4677333333333
"74",2018-04-14 03:00:00,25.4354,25.4354,2018-04-14 03:00:00,2018-04-14 03:00:00,25.4143833333333,25.4143833333333
"75",2018-04-14 04:00:00,25.3513333333333,25.3513333333333,2018-04-14 04:00:00,2018-04-14 04:00:00,25.3254666666667,25.3254666666667
"76",2018-04-14 05:00:00,25.319,25.319,2018-04-14 05:00:00,2018-04-14 05:00:00,25.319,25.319
"77",2018-04-14 06:00:00,25.3788166666667,25.3788166666667,2018-04-14 06:00:00,2018-04-14 06:00:00,25.319,25.319
"78",2018-04-14 07:00:00,25.416,25.416,2018-04-14 07:00:00,2018-04-14 07:00:00,25.3691166666667,25.3691166666667
"79",2018-04-14 08:00:00,25.5308833333333,25.5308833333333,2018-04-14 08:00:00,2018-04-14 08:00:00,25.4661166666667,25.4661166666667
"80",2018-04-14 09:00:00,25.6963166666667,25.6963166666667,2018-04-14 09:00:00,2018-04-14 09:00:00,25.6475666666667,25.6475666666667
"81",2018-04-14 10:00:00,25.7011666666667,25.7011666666667,2018-04-14 10:00:00,2018-04-14 10:00:00,25.61,25.61
"82",2018-04-14 11:00:00,25.6361333333333,25.6361333333333,2018-04-14 11:00:00,2018-04-14 11:00:00,25.5534166666667,25.5534166666667
"83",2018-04-14 12:00:00,25.5938333333333,25.5938333333333,2018-04-14 12:00:00,2018-04-14 12:00:00,25.5016833333333,25.5016833333333
"84",2018-04-14 13:00:00,25.5518,25.5518,2018-04-14 13:00:00,2018-04-14 13:00:00,25.4531833333333,25.4531833333333
"85",2018-04-14 14:00:00,25.5162333333333,25.5162333333333,2018-04-14 14:00:00,2018-04-14 14:00:00,25.4354,25.4354
"86",2018-04-14 15:00:00,25.4952166666667,25.4952166666667,2018-04-14 15:00:00,2018-04-14 15:00:00,25.4176166666667,25.4176166666667
"87",2018-04-14 16:00:00,25.416,25.416,2018-04-14 16:00:00,2018-04-14 16:00:00,25.416,25.416
"88",2018-04-14 17:00:00,25.3933666666667,25.3933666666667,2018-04-14 17:00:00,2018-04-14 17:00:00,25.3998333333333,25.3998333333333
"89",2018-04-14 18:00:00,25.4143833333333,25.4143833333333,2018-04-14 18:00:00,2018-04-14 18:00:00,25.416,25.416
"90",2018-04-14 19:00:00,25.416,25.416,2018-04-14 19:00:00,2018-04-14 19:00:00,25.416,25.416
"91",2018-04-14 20:00:00,25.416,25.416,2018-04-14 20:00:00,2018-04-14 20:00:00,25.416,25.416
"92",2018-04-14 21:00:00,25.416,25.416,2018-04-14 21:00:00,2018-04-14 21:00:00,25.416,25.416
"93",2018-04-14 22:00:00,25.44025,25.44025,2018-04-14 22:00:00,2018-04-14 22:00:00,25.4354,25.4354
"94",2018-04-14 23:00:00,25.416,25.416,2018-04-14 23:00:00,2018-04-14 23:00:00,25.4240833333333,25.4240833333333
"95",2018-04-15 00:00:00,25.416,25.416,2018-04-15 00:00:00,2018-04-15 00:00:00,25.416,25.416
"96",2018-04-15 01:00:00,25.37235,25.37235,2018-04-15 01:00:00,2018-04-15 01:00:00,25.38205,25.38205
"97",2018-04-15 02:00:00,25.3206166666667,25.3206166666667,2018-04-15 02:00:00,2018-04-15 02:00:00,25.3206166666667,25.3206166666667
"98",2018-04-15 03:00:00,25.29475,25.29475,2018-04-15 03:00:00,2018-04-15 03:00:00,25.319,25.319
"99",2018-04-15 04:00:00,25.2252333333333,25.2252333333333,2018-04-15 04:00:00,2018-04-15 04:00:00,25.2333166666667,25.2333166666667
"100",2018-04-15 05:00:00,25.222,25.222,2018-04-15 05:00:00,2018-04-15 05:00:00,25.222,25.222
"101",2018-04-15 06:00:00,25.24625,25.24625,2018-04-15 06:00:00,2018-04-15 06:00:00,25.23655,25.23655
"102",2018-04-15 07:00:00,25.4079166666667,25.4079166666667,2018-04-15 07:00:00,2018-04-15 07:00:00,25.32385,25.32385
"103",2018-04-15 08:00:00,25.6979,25.6979,2018-04-15 08:00:00,2018-04-15 08:00:00,25.4240833333333,25.4240833333333
"104",2018-04-15 09:00:00,26.1865666666667,26.1865666666667,2018-04-15 09:00:00,2018-04-15 09:00:00,25.80335,25.80335
"105",2018-04-15 10:00:00,26.6032666666667,26.6032666666667,2018-04-15 10:00:00,2018-04-15 10:00:00,26.2142,26.2142
"106",2018-04-15 11:00:00,27.1934333333333,27.1934333333333,2018-04-15 11:00:00,2018-04-15 11:00:00,26.4243,26.4243
"107",2018-04-15 12:00:00,26.7908,26.7908,2018-04-15 12:00:00,2018-04-15 12:00:00,26.56075,26.56075
"108",2018-04-15 13:00:00,26.4324333333333,26.4324333333333,2018-04-15 13:00:00,2018-04-15 13:00:00,26.4570166666667,26.4570166666667
"109",2018-04-15 14:00:00,26.0323333333333,26.0323333333333,2018-04-15 14:00:00,2018-04-15 14:00:00,26.1751666666667,26.1751666666667
"110",2018-04-15 15:00:00,25.9248666666667,25.9248666666667,2018-04-15 15:00:00,2018-04-15 15:00:00,25.98345,25.98345
"111",2018-04-15 16:00:00,25.902,25.902,2018-04-15 16:00:00,2018-04-15 16:00:00,25.89715,25.89715
"112",2018-04-15 17:00:00,25.88745,25.88745,2018-04-15 17:00:00,2018-04-15 17:00:00,25.8664333333333,25.8664333333333
"113",2018-04-15 18:00:00,25.9150666666667,25.9150666666667,2018-04-15 18:00:00,2018-04-15 18:00:00,25.9101666666667,25.9101666666667
"114",2018-04-15 19:00:00,25.951,25.951,2018-04-15 19:00:00,2018-04-15 19:00:00,25.9591666666667,25.9591666666667
"115",2018-04-15 20:00:00,26,26,2018-04-15 20:00:00,2018-04-15 20:00:00,26,26
"116",2018-04-15 21:00:00,26,26,2018-04-15 21:00:00,2018-04-15 21:00:00,26,26
"117",2018-04-15 22:00:00,25.9167,25.9167,2018-04-15 22:00:00,2018-04-15 22:00:00,25.9118,25.9118
"118",2018-04-15 23:00:00,25.902,25.902,2018-04-15 23:00:00,2018-04-15 23:00:00,25.902,25.902
"119",2018-04-16 00:00:00,25.8567333333333,25.8567333333333,2018-04-16 00:00:00,2018-04-16 00:00:00,25.8470333333333,25.8470333333333
"120",2018-04-16 01:00:00,25.8033833333333,25.8033833333333,2018-04-16 01:00:00,2018-04-16 01:00:00,25.80015,25.80015
"121",2018-04-16 02:00:00,25.708,25.708,2018-04-16 02:00:00,2018-04-16 02:00:00,25.708,25.708
"122",2018-04-16 03:00:00,25.6361333333333,25.6361333333333,2018-04-16 03:00:00,2018-04-16 03:00:00,25.6296,25.6296
"123",2018-04-16 04:00:00,25.6003,25.6003,2018-04-16 04:00:00,2018-04-16 04:00:00,25.5889833333333,25.5889833333333
"124",2018-04-16 05:00:00,25.51785,25.51785,2018-04-16 05:00:00,2018-04-16 05:00:00,25.513,25.513
"125",2018-04-16 06:00:00,25.5162333333333,25.5162333333333,2018-04-16 06:00:00,2018-04-16 06:00:00,25.513,25.513
"126",2018-04-16 07:00:00,25.6655333333333,25.6655333333333,2018-04-16 07:00:00,2018-04-16 07:00:00,25.5792833333333,25.5792833333333
"127",2018-04-16 08:00:00,26.00485,26.00485,2018-04-16 08:00:00,2018-04-16 08:00:00,25.6361333333333,25.6361333333333
"128",2018-04-16 09:00:00,26.4257333333333,26.4257333333333,2018-04-16 09:00:00,2018-04-16 09:00:00,25.9770833333333,25.9770833333333
"129",2018-04-16 10:00:00,26.83,26.83,2018-04-16 10:00:00,2018-04-16 10:00:00,26.4014333333333,26.4014333333333
"130",2018-04-16 11:00:00,27.0211,27.0211,2018-04-16 11:00:00,2018-04-16 11:00:00,26.5673166666667,26.5673166666667
"131",2018-04-16 12:00:00,27.0341666666667,27.0341666666667,2018-04-16 12:00:00,2018-04-16 12:00:00,26.6634,26.6634
"132",2018-04-16 13:00:00,26.5822833333333,26.5822833333333,2018-04-16 13:00:00,2018-04-16 13:00:00,26.683,26.683
"133",2018-04-16 14:00:00,26.1868333333333,26.1868333333333,2018-04-16 14:00:00,2018-04-16 14:00:00,26.6243666666667,26.6243666666667
"134",2018-04-16 15:00:00,26.1721333333333,26.1721333333333,2018-04-16 15:00:00,2018-04-16 15:00:00,26.1979666666667,26.1979666666667
"135",2018-04-16 16:00:00,26.097,26.097,2018-04-16 16:00:00,2018-04-16 16:00:00,26.0614333333333,26.0614333333333
"136",2018-04-16 17:00:00,26.0047833333333,26.0047833333333,2018-04-16 17:00:00,2018-04-16 17:00:00,26,26
"137",2018-04-16 18:00:00,26.0194,26.0194,2018-04-16 18:00:00,2018-04-16 18:00:00,26.06305,26.06305
"138",2018-04-16 19:00:00,26.097,26.097,2018-04-16 19:00:00,2018-04-16 19:00:00,26.097,26.097
"139",2018-04-16 20:00:00,26.097,26.097,2018-04-16 20:00:00,2018-04-16 20:00:00,26.0986333333333,26.0986333333333
"140",2018-04-16 21:00:00,26.097,26.097,2018-04-16 21:00:00,2018-04-16 21:00:00,26.1035333333333,26.1035333333333
"141",2018-04-16 22:00:00,26.0549666666667,26.0549666666667,2018-04-16 22:00:00,2018-04-16 22:00:00,26.09215,26.09215
"142",2018-04-16 23:00:00,26,26,2018-04-16 23:00:00,2018-04-16 23:00:00,26.0097,26.0097
"143",2018-04-17 00:00:00,26,26,2018-04-17 00:00:00,2018-04-17 00:00:00,26,26
"144",2018-04-17 01:00:00,25.9265,25.9265,2018-04-17 01:00:00,2018-04-17 01:00:00,25.9379333333333,25.9379333333333
"145",2018-04-17 02:00:00,25.8712833333333,25.8712833333333,2018-04-17 02:00:00,2018-04-17 02:00:00,25.8858333333333,25.8858333333333
"146",2018-04-17 03:00:00,25.7969166666667,25.7969166666667,2018-04-17 03:00:00,2018-04-17 03:00:00,25.805,25.805
"147",2018-04-17 04:00:00,25.7096166666667,25.7096166666667,2018-04-17 04:00:00,2018-04-17 04:00:00,25.7160833333333,25.7160833333333
"148",2018-04-17 05:00:00,25.6394,25.6394,2018-04-17 05:00:00,2018-04-17 05:00:00,25.659,25.659
"149",2018-04-17 06:00:00,25.61,25.61,2018-04-17 06:00:00,2018-04-17 06:00:00,25.61,25.61
"150",2018-04-17 07:00:00,25.7028333333333,25.7028333333333,2018-04-17 07:00:00,2018-04-17 07:00:00,25.6606333333333,25.6606333333333
"151",2018-04-17 08:00:00,26.05505,26.05505,2018-04-17 08:00:00,2018-04-17 08:00:00,25.78075,25.78075
"152",2018-04-17 09:00:00,26.5870166666667,26.5870166666667,2018-04-17 09:00:00,2018-04-17 09:00:00,26.1134833333333,26.1134833333333
"153",2018-04-17 10:00:00,26.9541333333333,26.9541333333333,2018-04-17 10:00:00,2018-04-17 10:00:00,26.4193,26.4193
"154",2018-04-17 11:00:00,27.5045,27.5045,2018-04-17 11:00:00,2018-04-17 11:00:00,26.6862666666667,26.6862666666667
"155",2018-04-17 12:00:00,27.3864,27.3864,2018-04-17 12:00:00,2018-04-17 12:00:00,26.7205666666667,26.7205666666667
"156",2018-04-17 13:00:00,26.86935,26.86935,2018-04-17 13:00:00,2018-04-17 13:00:00,26.7744666666667,26.7744666666667
"157",2018-04-17 14:00:00,26.5348833333333,26.5348833333333,2018-04-17 14:00:00,2018-04-17 14:00:00,26.9002333333333,26.9002333333333
"158",2018-04-17 15:00:00,26.488,26.488,2018-04-17 15:00:00,2018-04-17 15:00:00,26.55125,26.55125
"159",2018-04-17 16:00:00,26.3883666666667,26.3883666666667,2018-04-17 16:00:00,2018-04-17 16:00:00,26.3704333333333,26.3704333333333
"160",2018-04-17 17:00:00,26.1362333333333,26.1362333333333,2018-04-17 17:00:00,2018-04-17 17:00:00,26.1281166666667,26.1281166666667
"161",2018-04-17 18:00:00,26.0016166666667,26.0016166666667,2018-04-17 18:00:00,2018-04-17 18:00:00,26.0064666666667,26.0064666666667
"162",2018-04-17 19:00:00,26.0953833333333,26.0953833333333,2018-04-17 19:00:00,2018-04-17 19:00:00,26.097,26.097
"163",2018-04-17 20:00:00,26.097,26.097,2018-04-17 20:00:00,2018-04-17 20:00:00,26.097,26.097
"164",2018-04-17 21:00:00,26.1623333333333,26.1623333333333,2018-04-17 21:00:00,2018-04-17 21:00:00,26.1819333333333,26.1819333333333
"165",2018-04-17 22:00:00,26.1117,26.1117,2018-04-17 22:00:00,2018-04-17 22:00:00,26.1247666666667,26.1247666666667
"166",2018-04-17 23:00:00,26.0873,26.0873,2018-04-17 23:00:00,2018-04-17 23:00:00,26.0808333333333,26.0808333333333
"167",2018-04-18 00:00:00,26.0064666666667,26.0064666666667,2018-04-18 00:00:00,2018-04-18 00:00:00,26.0016166666667,26.0016166666667
"168",2018-04-18 01:00:00,25.9836666666667,25.9836666666667,2018-04-18 01:00:00,2018-04-18 01:00:00,25.9787666666667,25.9787666666667
"169",2018-04-18 02:00:00,25.902,25.902,2018-04-18 02:00:00,2018-04-18 02:00:00,25.902,25.902
"170",2018-04-18 03:00:00,25.805,25.805,2018-04-18 03:00:00,2018-04-18 03:00:00,25.80015,25.80015
"171",2018-04-18 04:00:00,25.6998333333333,25.6998333333333,2018-04-18 04:00:00,2018-04-18 04:00:00,25.6982,25.6982
"172",2018-04-18 05:00:00,25.61,25.61,2018-04-18 05:00:00,2018-04-18 05:00:00,25.61,25.61
"173",2018-04-18 06:00:00,25.61,25.61,2018-04-18 06:00:00,2018-04-18 06:00:00,25.61,25.61
"174",2018-04-18 07:00:00,25.6312333333333,25.6312333333333,2018-04-18 07:00:00,2018-04-18 07:00:00,25.5809,25.5809
"175",2018-04-18 08:00:00,26.0275666666667,26.0275666666667,2018-04-18 08:00:00,2018-04-18 08:00:00,25.6850166666667,25.6850166666667
"176",2018-04-18 09:00:00,26.55435,26.55435,2018-04-18 09:00:00,2018-04-18 09:00:00,26.0062,26.0062
"177",2018-04-18 10:00:00,26.8006,26.8006,2018-04-18 10:00:00,2018-04-18 10:00:00,26.2840333333333,26.2840333333333
"178",2018-04-18 11:00:00,26.7826333333333,26.7826333333333,2018-04-18 11:00:00,2018-04-18 11:00:00,26.5544333333333,26.5544333333333
"179",2018-04-18 12:00:00,26.9231,26.9231,2018-04-18 12:00:00,2018-04-18 12:00:00,26.8904333333333,26.8904333333333
"180",2018-04-18 13:00:00,26.6343833333333,26.6343833333333,2018-04-18 13:00:00,2018-04-18 13:00:00,26.8937,26.8937
"181",2018-04-18 14:00:00,26.3834666666667,26.3834666666667,2018-04-18 14:00:00,2018-04-18 14:00:00,26.8675666666667,26.8675666666667
"182",2018-04-18 15:00:00,26.3655,26.3655,2018-04-18 15:00:00,2018-04-18 15:00:00,26.4599666666667,26.4599666666667
"183",2018-04-18 16:00:00,26.2629,26.2629,2018-04-18 16:00:00,2018-04-18 16:00:00,26.2499666666667,26.2499666666667
"184",2018-04-18 17:00:00,26.0858833333333,26.0858833333333,2018-04-18 17:00:00,2018-04-18 17:00:00,26.05825,26.05825
"185",2018-04-18 18:00:00,25.8664666666667,25.8664666666667,2018-04-18 18:00:00,2018-04-18 18:00:00,25.85835,25.85835
"186",2018-04-18 19:00:00,25.805,25.805,2018-04-18 19:00:00,2018-04-18 19:00:00,25.8033833333333,25.8033833333333
"187",2018-04-18 20:00:00,25.8826,25.8826,2018-04-18 20:00:00,2018-04-18 20:00:00,25.8761333333333,25.8761333333333
"188",2018-04-18 21:00:00,25.9330333333333,25.9330333333333,2018-04-18 21:00:00,2018-04-18 21:00:00,25.902,25.902
"189",2018-04-18 22:00:00,25.9036333333333,25.9036333333333,2018-04-18 22:00:00,2018-04-18 22:00:00,25.902,25.902
"190",2018-04-18 23:00:00,25.902,25.902,2018-04-18 23:00:00,2018-04-18 23:00:00,25.902,25.902
"191",2018-04-19 00:00:00,25.8438,25.8438,2018-04-19 00:00:00,2018-04-19 00:00:00,25.8842166666667,25.8842166666667
"192",2018-04-19 01:00:00,25.805,25.805,2018-04-19 01:00:00,2018-04-19 01:00:00,25.8066166666667,25.8066166666667
"193",2018-04-19 02:00:00,25.8033833333333,25.8033833333333,2018-04-19 02:00:00,2018-04-19 02:00:00,25.8033833333333,25.8033833333333
"194",2018-04-19 03:00:00,25.72255,25.72255,2018-04-19 03:00:00,2018-04-19 03:00:00,25.7144666666667,25.7144666666667
"195",2018-04-19 04:00:00,25.6541,25.6541,2018-04-19 04:00:00,2018-04-19 04:00:00,25.6443,25.6443
"196",2018-04-19 05:00:00,25.5809,25.5809,2018-04-19 05:00:00,2018-04-19 05:00:00,25.5695833333333,25.5695833333333
"197",2018-04-19 06:00:00,25.513,25.513,2018-04-19 06:00:00,2018-04-19 06:00:00,25.513,25.513
"198",2018-04-19 07:00:00,25.5194666666667,25.5194666666667,2018-04-19 07:00:00,2018-04-19 07:00:00,25.4628833333333,25.4628833333333
"199",2018-04-19 08:00:00,25.75485,25.75485,2018-04-19 08:00:00,2018-04-19 08:00:00,25.5615,25.5615
"200",2018-04-19 09:00:00,26.1329833333333,26.1329833333333,2018-04-19 09:00:00,2018-04-19 09:00:00,25.7383833333333,25.7383833333333
"201",2018-04-19 10:00:00,26.3704,26.3704,2018-04-19 10:00:00,2018-04-19 10:00:00,26.0484166666667,26.0484166666667
"202",2018-04-19 11:00:00,26.3819166666667,26.3819166666667,2018-04-19 11:00:00,2018-04-19 11:00:00,26.2467333333333,26.2467333333333
"203",2018-04-19 12:00:00,26.20125,26.20125,2018-04-19 12:00:00,2018-04-19 12:00:00,26.30695,26.30695
"204",2018-04-19 13:00:00,25.998,25.998,2018-04-19 13:00:00,2018-04-19 13:00:00,26.3445166666667,26.3445166666667
"205",2018-04-19 14:00:00,25.8130833333333,25.8130833333333,2018-04-19 14:00:00,2018-04-19 14:00:00,26.2077166666667,26.2077166666667
"206",2018-04-19 15:00:00,25.805,25.805,2018-04-19 15:00:00,2018-04-19 15:00:00,25.8974333333333,25.8974333333333
"207",2018-04-19 16:00:00,25.805,25.805,2018-04-19 16:00:00,2018-04-19 16:00:00,25.80015,25.80015
"208",2018-04-19 17:00:00,25.7160833333333,25.7160833333333,2018-04-19 17:00:00,2018-04-19 17:00:00,25.6932833333333,25.6932833333333
"209",2018-04-19 18:00:00,25.61,25.61,2018-04-19 18:00:00,2018-04-19 18:00:00,25.61,25.61
"210",2018-04-19 19:00:00,25.5825166666667,25.5825166666667,2018-04-19 19:00:00,2018-04-19 19:00:00,25.5453333333333,25.5453333333333
"211",2018-04-19 20:00:00,25.5227,25.5227,2018-04-19 20:00:00,2018-04-19 20:00:00,25.513,25.513
"212",2018-04-19 21:00:00,25.57605,25.57605,2018-04-19 21:00:00,2018-04-19 21:00:00,25.5243166666667,25.5243166666667
"213",2018-04-19 22:00:00,25.61,25.61,2018-04-19 22:00:00,2018-04-19 22:00:00,25.6083833333333,25.6083833333333
"214",2018-04-19 23:00:00,25.61,25.61,2018-04-19 23:00:00,2018-04-19 23:00:00,25.61,25.61
"215",2018-04-20 00:00:00,25.61,25.61,2018-04-20 00:00:00,2018-04-20 00:00:00,25.61,25.61
"216",2018-04-20 01:00:00,25.61,25.61,2018-04-20 01:00:00,2018-04-20 01:00:00,25.61,25.61
"217",2018-04-20 02:00:00,25.61,25.61,2018-04-20 02:00:00,2018-04-20 02:00:00,25.61,25.61
"218",2018-04-20 03:00:00,25.61,25.61,2018-04-20 03:00:00,2018-04-20 03:00:00,25.61,25.61
"219",2018-04-20 04:00:00,25.59545,25.59545,2018-04-20 04:00:00,2018-04-20 04:00:00,25.5485666666667,25.5485666666667
"220",2018-04-20 05:00:00,25.51785,25.51785,2018-04-20 05:00:00,2018-04-20 05:00:00,25.513,25.513
"221",2018-04-20 06:00:00,25.50815,25.50815,2018-04-20 06:00:00,2018-04-20 06:00:00,25.50815,25.50815
"222",2018-04-20 07:00:00,25.47905,25.47905,2018-04-20 07:00:00,2018-04-20 07:00:00,25.4628833333333,25.4628833333333
"223",2018-04-20 08:00:00,25.6671166666667,25.6671166666667,2018-04-20 08:00:00,2018-04-20 08:00:00,25.5162333333333,25.5162333333333
"224",2018-04-20 09:00:00,26.02075,26.02075,2018-04-20 09:00:00,2018-04-20 09:00:00,25.8975166666667,25.8975166666667
"225",2018-04-20 10:00:00,26.1770166666667,26.1770166666667,2018-04-20 10:00:00,2018-04-20 10:00:00,26.23535,26.23535
"226",2018-04-20 11:00:00,26.0940166666667,26.0940166666667,2018-04-20 11:00:00,2018-04-20 11:00:00,26.2207833333333,26.2207833333333
"227",2018-04-20 12:00:00,26.1995833333333,26.1995833333333,2018-04-20 12:00:00,2018-04-20 12:00:00,26.2499333333333,26.2499333333333
"228",2018-04-20 13:00:00,26.1444666666667,26.1444666666667,2018-04-20 13:00:00,2018-04-20 13:00:00,26.5055,26.5055
"229",2018-04-20 14:00:00,25.91215,25.91215,2018-04-20 14:00:00,2018-04-20 14:00:00,26.3460166666667,26.3460166666667
"230",2018-04-20 15:00:00,25.805,25.805,2018-04-20 15:00:00,2018-04-20 15:00:00,25.9508833333333,25.9508833333333
"231",2018-04-20 16:00:00,25.8599666666667,25.8599666666667,2018-04-20 16:00:00,2018-04-20 16:00:00,25.8939166666667,25.8939166666667
"232",2018-04-20 17:00:00,25.7678166666667,25.7678166666667,2018-04-20 17:00:00,2018-04-20 17:00:00,25.7920666666667,25.7920666666667
"233",2018-04-20 18:00:00,25.6900333333333,25.6900333333333,2018-04-20 18:00:00,2018-04-20 18:00:00,25.7047333333333,25.7047333333333
"234",2018-04-20 19:00:00,25.5970666666667,25.5970666666667,2018-04-20 19:00:00,2018-04-20 19:00:00,25.6149,25.6149
"235",2018-04-20 20:00:00,25.5146166666667,25.5146166666667,2018-04-20 20:00:00,2018-04-20 20:00:00,25.5550333333333,25.5550333333333
"236",2018-04-20 21:00:00,25.513,25.513,2018-04-20 21:00:00,2018-04-20 21:00:00,25.5340166666667,25.5340166666667
"237",2018-04-20 22:00:00,25.5146166666667,25.5146166666667,2018-04-20 22:00:00,2018-04-20 22:00:00,25.5970666666667,25.5970666666667
"238",2018-04-20 23:00:00,25.4936,25.4936,2018-04-20 23:00:00,2018-04-20 23:00:00,25.5501833333333,25.5501833333333
"239",2018-04-21 00:00:00,25.416,25.416,2018-04-21 00:00:00,2018-04-21 00:00:00,25.416,25.416
"240",2018-04-21 01:00:00,25.416,25.416,2018-04-21 01:00:00,2018-04-21 01:00:00,25.416,25.416
"241",2018-04-21 02:00:00,25.416,25.416,2018-04-21 02:00:00,2018-04-21 02:00:00,25.4386333333333,25.4386333333333
"242",2018-04-21 03:00:00,25.4273166666667,25.4273166666667,2018-04-21 03:00:00,2018-04-21 03:00:00,25.513,25.513
"243",2018-04-21 04:00:00,25.3707333333333,25.3707333333333,2018-04-21 04:00:00,2018-04-21 04:00:00,25.4030666666667,25.4030666666667
"244",2018-04-21 05:00:00,25.319,25.319,2018-04-21 05:00:00,2018-04-21 05:00:00,25.36265,25.36265
"245",2018-04-21 06:00:00,25.319,25.319,2018-04-21 06:00:00,2018-04-21 06:00:00,25.319,25.319
"246",2018-04-21 07:00:00,25.3578,25.3578,2018-04-21 07:00:00,2018-04-21 07:00:00,25.35295,25.35295
"247",2018-04-21 08:00:00,25.5796666666667,25.5796666666667,2018-04-21 08:00:00,2018-04-21 08:00:00,25.4273166666667,25.4273166666667
"248",2018-04-21 09:00:00,26.029,26.029,2018-04-21 09:00:00,2018-04-21 09:00:00,25.857,25.857
"249",2018-04-21 10:00:00,26.2823666666667,26.2823666666667,2018-04-21 10:00:00,2018-04-21 10:00:00,26.1378333333333,26.1378333333333
"250",2018-04-21 11:00:00,26.4161333333333,26.4161333333333,2018-04-21 11:00:00,2018-04-21 11:00:00,26.3575166666667,26.3575166666667
"251",2018-04-21 12:00:00,26.5720666666667,26.5720666666667,2018-04-21 12:00:00,2018-04-21 12:00:00,26.5445166666667,26.5445166666667
"252",2018-04-21 13:00:00,26.2111833333333,26.2111833333333,2018-04-21 13:00:00,2018-04-21 13:00:00,26.5753,26.5753
"253",2018-04-21 14:00:00,25.8260166666667,25.8260166666667,2018-04-21 14:00:00,2018-04-21 14:00:00,26.45045,26.45045
"254",2018-04-21 15:00:00,25.8438,25.8438,2018-04-21 15:00:00,2018-04-21 15:00:00,25.9704333333333,25.9704333333333
"255",2018-04-21 16:00:00,25.902,25.902,2018-04-21 16:00:00,2018-04-21 16:00:00,25.9526333333333,25.9526333333333
"256",2018-04-21 17:00:00,25.7953,25.7953,2018-04-21 17:00:00,2018-04-21 17:00:00,25.8341,25.8341
"257",2018-04-21 18:00:00,25.6818666666667,25.6818666666667,2018-04-21 18:00:00,2018-04-21 18:00:00,25.7387166666667,25.7387166666667
"258",2018-04-21 19:00:00,25.5776666666667,25.5776666666667,2018-04-21 19:00:00,2018-04-21 19:00:00,25.6328666666667,25.6328666666667
"259",2018-04-21 20:00:00,25.5097666666667,25.5097666666667,2018-04-21 20:00:00,2018-04-21 20:00:00,25.5712,25.5712
"260",2018-04-21 21:00:00,25.37235,25.37235,2018-04-21 21:00:00,2018-04-21 21:00:00,25.44995,25.44995
"261",2018-04-21 22:00:00,25.3076833333333,25.3076833333333,2018-04-21 22:00:00,2018-04-21 22:00:00,25.3755833333333,25.3755833333333
"262",2018-04-21 23:00:00,25.222,25.222,2018-04-21 23:00:00,2018-04-21 23:00:00,25.319,25.319
"263",2018-04-22 00:00:00,25.222,25.222,2018-04-22 00:00:00,2018-04-22 00:00:00,25.26565,25.26565
"264",2018-04-22 01:00:00,25.07165,25.07165,2018-04-22 01:00:00,2018-04-22 01:00:00,25.14925,25.14925
"265",2018-04-22 02:00:00,25.0102166666667,25.0102166666667,2018-04-22 02:00:00,2018-04-22 02:00:00,25.1136833333333,25.1136833333333
"266",2018-04-22 03:00:00,24.931,24.931,2018-04-22 03:00:00,2018-04-22 03:00:00,25.0296166666667,25.0296166666667
"267",2018-04-22 04:00:00,24.9118333333333,24.9118333333333,2018-04-22 04:00:00,2018-04-22 04:00:00,24.9989,24.9989
"268",2018-04-22 05:00:00,24.8152,24.8152,2018-04-22 05:00:00,2018-04-22 05:00:00,24.9280833333333,24.9280833333333
"269",2018-04-22 06:00:00,24.7040833333333,24.7040833333333,2018-04-22 06:00:00,2018-04-22 06:00:00,24.8269166666667,24.8269166666667
"270",2018-04-22 07:00:00,24.7283,24.7283,2018-04-22 07:00:00,2018-04-22 07:00:00,24.8059,24.8059
"271",2018-04-22 08:00:00,24.7477,24.7477,2018-04-22 08:00:00,2018-04-22 08:00:00,24.8366,24.8366
"272",2018-04-22 09:00:00,24.8156,24.8156,2018-04-22 09:00:00,2018-04-22 09:00:00,24.8558,24.8558
"273",2018-04-22 10:00:00,24.92475,24.92475,2018-04-22 10:00:00,2018-04-22 10:00:00,24.9326166666667,24.9326166666667
"274",2018-04-22 11:00:00,25.3693,25.3693,2018-04-22 11:00:00,2018-04-22 11:00:00,25.2851333333333,25.2851333333333
"275",2018-04-22 12:00:00,25.41115,25.41115,2018-04-22 12:00:00,2018-04-22 12:00:00,25.56665,25.56665
"276",2018-04-22 13:00:00,25.14925,25.14925,2018-04-22 13:00:00,2018-04-22 13:00:00,25.3367833333333,25.3367833333333
"277",2018-04-22 14:00:00,25.1023666666667,25.1023666666667,2018-04-22 14:00:00,2018-04-22 14:00:00,25.3109166666667,25.3109166666667
"278",2018-04-22 15:00:00,25.0991333333333,25.0991333333333,2018-04-22 15:00:00,2018-04-22 15:00:00,25.1638,25.1638
"279",2018-04-22 16:00:00,25.14925,25.14925,2018-04-22 16:00:00,2018-04-22 16:00:00,25.125,25.125
"280",2018-04-22 17:00:00,25.2155333333333,25.2155333333333,2018-04-22 17:00:00,2018-04-22 17:00:00,25.125,25.125
"281",2018-04-22 18:00:00,25.2058333333333,25.2058333333333,2018-04-22 18:00:00,2018-04-22 18:00:00,25.125,25.125
"282",2018-04-22 19:00:00,25.13955,25.13955,2018-04-22 19:00:00,2018-04-22 19:00:00,25.125,25.125
"283",2018-04-22 20:00:00,25.125,25.125,2018-04-22 20:00:00,2018-04-22 20:00:00,25.0942833333333,25.0942833333333
"284",2018-04-22 21:00:00,25.0668,25.0668,2018-04-22 21:00:00,2018-04-22 21:00:00,24.9972833333333,24.9972833333333
"285",2018-04-22 22:00:00,24.9698,24.9698,2018-04-22 22:00:00,2018-04-22 22:00:00,24.899,24.899
"286",2018-04-22 23:00:00,24.9101086956522,24.9101086956522,2018-04-22 23:00:00,2018-04-22 23:00:00,24.835,24.835
"287",2018-04-23 00:00:00,24.8012093023256,24.8012093023256,2018-04-23 00:00:00,2018-04-23 00:00:00,24.6681489361702,24.6681489361702
"288",2018-04-23 01:00:00,24.7493166666667,24.7493166666667,2018-04-23 01:00:00,2018-04-23 01:00:00,24.6474666666667,24.6474666666667
"289",2018-04-23 02:00:00,24.7347666666667,24.7347666666667,2018-04-23 02:00:00,2018-04-23 02:00:00,24.6218,24.6218
"290",2018-04-23 03:00:00,24.6442333333333,24.6442333333333,2018-04-23 03:00:00,2018-04-23 03:00:00,24.545,24.545
"291",2018-04-23 04:00:00,24.641,24.641,2018-04-23 04:00:00,2018-04-23 04:00:00,24.545,24.545
"292",2018-04-23 05:00:00,24.68465,24.68465,2018-04-23 05:00:00,2018-04-23 05:00:00,24.5594,24.5594
"293",2018-04-23 06:00:00,24.75255,24.75255,2018-04-23 06:00:00,2018-04-23 06:00:00,24.6378666666667,24.6378666666667
"294",2018-04-23 07:00:00,24.8285333333333,24.8285333333333,2018-04-23 07:00:00,2018-04-23 07:00:00,24.7266833333333,24.7266833333333
"295",2018-04-23 08:00:00,25.09925,25.09925,2018-04-23 08:00:00,2018-04-23 08:00:00,24.7509333333333,24.7509333333333
"296",2018-04-23 09:00:00,25.2882833333333,25.2882833333333,2018-04-23 09:00:00,2018-04-23 09:00:00,25.2252833333333,25.2252833333333
"297",2018-04-23 10:00:00,25.5681333333333,25.5681333333333,2018-04-23 10:00:00,2018-04-23 10:00:00,25.63155,25.63155
"298",2018-04-23 11:00:00,25.7725166666667,25.7725166666667,2018-04-23 11:00:00,2018-04-23 11:00:00,26.1086333333333,26.1086333333333
"299",2018-04-23 12:00:00,26.0029666666667,26.0029666666667,2018-04-23 12:00:00,2018-04-23 12:00:00,26.6622,26.6622
"300",2018-04-23 13:00:00,26.2694,26.2694,2018-04-23 13:00:00,2018-04-23 13:00:00,27.3191833333333,27.3191833333333
"301",2018-04-23 14:00:00,25.9769666666667,25.9769666666667,2018-04-23 14:00:00,2018-04-23 14:00:00,27.0147,27.0147
"302",2018-04-23 15:00:00,25.7142833333333,25.7142833333333,2018-04-23 15:00:00,2018-04-23 15:00:00,25.91235,25.91235
"303",2018-04-23 16:00:00,25.5922166666667,25.5922166666667,2018-04-23 16:00:00,2018-04-23 16:00:00,25.6085166666667,25.6085166666667
"304",2018-04-23 17:00:00,25.5049166666667,25.5049166666667,2018-04-23 17:00:00,2018-04-23 17:00:00,25.4612666666667,25.4612666666667
"305",2018-04-23 18:00:00,25.416,25.416,2018-04-23 18:00:00,2018-04-23 18:00:00,25.416,25.416
"306",2018-04-23 19:00:00,25.2494833333333,25.2494833333333,2018-04-23 19:00:00,2018-04-23 19:00:00,25.1945166666667,25.1945166666667
"307",2018-04-23 20:00:00,25.2866666666667,25.2866666666667,2018-04-23 20:00:00,2018-04-23 20:00:00,25.18805,25.18805
"308",2018-04-23 21:00:00,25.2996,25.2996,2018-04-23 21:00:00,2018-04-23 21:00:00,25.2236166666667,25.2236166666667
"309",2018-04-23 22:00:00,25.1573333333333,25.1573333333333,2018-04-23 22:00:00,2018-04-23 22:00:00,25.0959,25.0959
"310",2018-04-23 23:00:00,25.0748833333333,25.0748833333333,2018-04-23 23:00:00,2018-04-23 23:00:00,24.9601,24.9601
"311",2018-04-24 00:00:00,24.8345666666667,24.8345666666667,2018-04-24 00:00:00,2018-04-24 00:00:00,24.81195,24.81195
"312",2018-04-24 01:00:00,24.6426166666667,24.6426166666667,2018-04-24 01:00:00,2018-04-24 01:00:00,24.6362,24.6362
"313",2018-04-24 02:00:00,24.641,24.641,2018-04-24 02:00:00,2018-04-24 02:00:00,24.5514,24.5514
"314",2018-04-24 03:00:00,24.5626,24.5626,2018-04-24 03:00:00,2018-04-24 03:00:00,24.5256,24.5256
"315",2018-04-24 04:00:00,24.5272166666667,24.5272166666667,2018-04-24 04:00:00,2018-04-24 04:00:00,24.4496166666667,24.4496166666667
"316",2018-04-24 05:00:00,24.5223666666667,24.5223666666667,2018-04-24 05:00:00,2018-04-24 05:00:00,24.448,24.448
"317",2018-04-24 06:00:00,24.5256,24.5256,2018-04-24 06:00:00,2018-04-24 06:00:00,24.4754833333333,24.4754833333333
"318",2018-04-24 07:00:00,24.6847,24.6847,2018-04-24 07:00:00,2018-04-24 07:00:00,24.6380833333333,24.6380833333333
"319",2018-04-24 08:00:00,25.2189666666667,25.2189666666667,2018-04-24 08:00:00,2018-04-24 08:00:00,24.9137,24.9137
"320",2018-04-24 09:00:00,26.1445,26.1445,2018-04-24 09:00:00,2018-04-24 09:00:00,25.8053166666667,25.8053166666667
"321",2018-04-24 10:00:00,26.73055,26.73055,2018-04-24 10:00:00,2018-04-24 10:00:00,26.8334166666667,26.8334166666667
"322",2018-04-24 11:00:00,27.1125666666667,27.1125666666667,2018-04-24 11:00:00,2018-04-24 11:00:00,27.3487333333333,27.3487333333333
"323",2018-04-24 12:00:00,27.1391,27.1391,2018-04-24 12:00:00,2018-04-24 12:00:00,27.6045333333333,27.6045333333333
"324",2018-04-24 13:00:00,26.6962666666667,26.6962666666667,2018-04-24 13:00:00,2018-04-24 13:00:00,27.7604333333333,27.7604333333333
"325",2018-04-24 14:00:00,26.2451166666667,26.2451166666667,2018-04-24 14:00:00,2018-04-24 14:00:00,27.2717666666667,27.2717666666667
"326",2018-04-24 15:00:00,25.8990666666667,25.8990666666667,2018-04-24 15:00:00,2018-04-24 15:00:00,26.0632333333333,26.0632333333333
"327",2018-04-24 16:00:00,25.6704,25.6704,2018-04-24 16:00:00,2018-04-24 16:00:00,25.7094,25.7094
"328",2018-04-24 17:00:00,25.5324,25.5324,2018-04-24 17:00:00,2018-04-24 17:00:00,25.5356333333333,25.5356333333333
"329",2018-04-24 18:00:00,25.4289333333333,25.4289333333333,2018-04-24 18:00:00,2018-04-24 18:00:00,25.416,25.416
"330",2018-04-24 19:00:00,25.4127666666667,25.4127666666667,2018-04-24 19:00:00,2018-04-24 19:00:00,25.3852833333333,25.3852833333333
"331",2018-04-24 20:00:00,25.319,25.319,2018-04-24 20:00:00,2018-04-24 20:00:00,25.319,25.319
"332",2018-04-24 21:00:00,25.319,25.319,2018-04-24 21:00:00,2018-04-24 21:00:00,25.319,25.319
"333",2018-04-24 22:00:00,25.319,25.319,2018-04-24 22:00:00,2018-04-24 22:00:00,25.319,25.319
"334",2018-04-24 23:00:00,25.319,25.319,2018-04-24 23:00:00,2018-04-24 23:00:00,25.2899,25.2899
"335",2018-04-25 00:00:00,25.23655,25.23655,2018-04-25 00:00:00,2018-04-25 00:00:00,25.222,25.222
"336",2018-04-25 01:00:00,25.222,25.222,2018-04-25 01:00:00,2018-04-25 01:00:00,25.2106833333333,25.2106833333333
"337",2018-04-25 02:00:00,25.1573333333333,25.1573333333333,2018-04-25 02:00:00,2018-04-25 02:00:00,25.1282333333333,25.1282333333333
"338",2018-04-25 03:00:00,25.0571,25.0571,2018-04-25 03:00:00,2018-04-25 03:00:00,25.0150666666667,25.0150666666667
"339",2018-04-25 04:00:00,24.8878,24.8878,2018-04-25 04:00:00,2018-04-25 04:00:00,24.8653666666667,24.8653666666667
"340",2018-04-25 05:00:00,24.7978166666667,24.7978166666667,2018-04-25 05:00:00,2018-04-25 05:00:00,24.738,24.738
"341",2018-04-25 06:00:00,24.738,24.738,2018-04-25 06:00:00,2018-04-25 06:00:00,24.738,24.738
"342",2018-04-25 07:00:00,25.2534166666667,25.2534166666667,2018-04-25 07:00:00,2018-04-25 07:00:00,25.1514833333333,25.1514833333333
"343",2018-04-25 08:00:00,27.2698166666667,27.2698166666667,2018-04-25 08:00:00,2018-04-25 08:00:00,26.93555,26.93555
"344",2018-04-25 09:00:00,29.303,29.303,2018-04-25 09:00:00,2018-04-25 09:00:00,29.1194333333333,29.1194333333333
"345",2018-04-25 10:00:00,30.4402166666667,30.4402166666667,2018-04-25 10:00:00,2018-04-25 10:00:00,30.9093333333333,30.9093333333333
"346",2018-04-25 11:00:00,30.5748333333333,30.5748333333333,2018-04-25 11:00:00,2018-04-25 11:00:00,31.3496,31.3496
"347",2018-04-25 12:00:00,30.4889833333333,30.4889833333333,2018-04-25 12:00:00,2018-04-25 12:00:00,31.4125,31.4125
"348",2018-04-25 13:00:00,29.7877666666667,29.7877666666667,2018-04-25 13:00:00,2018-04-25 13:00:00,31.1019666666667,31.1019666666667
"349",2018-04-25 14:00:00,29.452,29.452,2018-04-25 14:00:00,2018-04-25 14:00:00,30.5884666666667,30.5884666666667
"350",2018-04-25 15:00:00,29.2986666666667,29.2986666666667,2018-04-25 15:00:00,2018-04-25 15:00:00,29.42905,29.42905
"351",2018-04-25 16:00:00,28.92815,28.92815,2018-04-25 16:00:00,2018-04-25 16:00:00,28.8021666666667,28.8021666666667
"352",2018-04-25 17:00:00,28.5834666666667,28.5834666666667,2018-04-25 17:00:00,2018-04-25 17:00:00,28.4576666666667,28.4576666666667
"353",2018-04-25 18:00:00,27.5907166666667,27.5907166666667,2018-04-25 18:00:00,2018-04-25 18:00:00,27.5939166666667,27.5939166666667
"354",2018-04-25 19:00:00,26.3347333333333,26.3347333333333,2018-04-25 19:00:00,2018-04-25 19:00:00,26.34935,26.34935
"355",2018-04-25 20:00:00,25.7985333333333,25.7985333333333,2018-04-25 20:00:00,2018-04-25 20:00:00,25.8294166666667,25.8294166666667
"356",2018-04-25 21:00:00,25.54695,25.54695,2018-04-25 21:00:00,2018-04-25 21:00:00,25.5615333333333,25.5615333333333
"357",2018-04-25 22:00:00,25.4095333333333,25.4095333333333,2018-04-25 22:00:00,2018-04-25 22:00:00,25.4418666666667,25.4418666666667
"358",2018-04-25 23:00:00,25.3206166666667,25.3206166666667,2018-04-25 23:00:00,2018-04-25 23:00:00,25.3351666666667,25.3351666666667
"359",2018-04-26 00:00:00,25.2527166666667,25.2527166666667,2018-04-26 00:00:00,2018-04-26 00:00:00,25.2688833333333,25.2688833333333
"360",2018-04-26 01:00:00,25.1605666666667,25.1605666666667,2018-04-26 01:00:00,2018-04-26 01:00:00,25.1815833333333,25.1815833333333
"361",2018-04-26 02:00:00,25.0926666666667,25.0926666666667,2018-04-26 02:00:00,2018-04-26 02:00:00,25.1185333333333,25.1185333333333
"362",2018-04-26 03:00:00,25.0021333333333,25.0021333333333,2018-04-26 03:00:00,2018-04-26 03:00:00,25.0053666666667,25.0053666666667
"363",2018-04-26 04:00:00,24.931,24.931,2018-04-26 04:00:00,2018-04-26 04:00:00,24.931,24.931
"364",2018-04-26 05:00:00,24.8574,24.8574,2018-04-26 05:00:00,2018-04-26 05:00:00,24.8606,24.8606
"365",2018-04-26 06:00:00,25.3279666666667,25.3279666666667,2018-04-26 06:00:00,2018-04-26 06:00:00,25.2178333333333,25.2178333333333
"366",2018-04-26 07:00:00,27.0594666666667,27.0594666666667,2018-04-26 07:00:00,2018-04-26 07:00:00,26.8044833333333,26.8044833333333
"367",2018-04-26 08:00:00,28.8033833333333,28.8033833333333,2018-04-26 08:00:00,2018-04-26 08:00:00,28.1149166666667,28.1149166666667
"368",2018-04-26 09:00:00,30.2385833333333,30.2385833333333,2018-04-26 09:00:00,2018-04-26 09:00:00,29.88295,29.88295
"369",2018-04-26 10:00:00,31.38245,31.38245,2018-04-26 10:00:00,2018-04-26 10:00:00,31.2902333333333,31.2902333333333
"370",2018-04-26 11:00:00,31.8194,31.8194,2018-04-26 11:00:00,2018-04-26 11:00:00,32.1151833333333,32.1151833333333
"371",2018-04-26 12:00:00,31.6199,31.6199,2018-04-26 12:00:00,2018-04-26 12:00:00,32.4437833333333,32.4437833333333
"372",2018-04-26 13:00:00,30.7317333333333,30.7317333333333,2018-04-26 13:00:00,2018-04-26 13:00:00,32.0806166666667,32.0806166666667
"373",2018-04-26 14:00:00,30.4384833333333,30.4384833333333,2018-04-26 14:00:00,2018-04-26 14:00:00,31.7168666666667,31.7168666666667
"374",2018-04-26 15:00:00,30.356,30.356,2018-04-26 15:00:00,2018-04-26 15:00:00,30.6323833333333,30.6323833333333
"375",2018-04-26 16:00:00,30.2147666666667,30.2147666666667,2018-04-26 16:00:00,2018-04-26 16:00:00,30.31055,30.31055
"376",2018-04-26 17:00:00,29.9516833333333,29.9516833333333,2018-04-26 17:00:00,2018-04-26 17:00:00,30.0687666666667,30.0687666666667
"377",2018-04-26 18:00:00,29.5021833333333,29.5021833333333,2018-04-26 18:00:00,2018-04-26 18:00:00,29.6274833333333,29.6274833333333
"378",2018-04-26 19:00:00,28.5935166666667,28.5935166666667,2018-04-26 19:00:00,2018-04-26 19:00:00,28.6464833333333,28.6464833333333
"379",2018-04-26 20:00:00,28.03855,28.03855,2018-04-26 20:00:00,2018-04-26 20:00:00,28.0798,28.0798
"380",2018-04-26 21:00:00,27.7079333333333,27.7079333333333,2018-04-26 21:00:00,2018-04-26 21:00:00,27.7456166666667,27.7456166666667
"381",2018-04-26 22:00:00,27.4977666666667,27.4977666666667,2018-04-26 22:00:00,2018-04-26 22:00:00,27.5207666666667,27.5207666666667
"382",2018-04-26 23:00:00,27.3308,27.3308,2018-04-26 23:00:00,2018-04-26 23:00:00,27.3487666666667,27.3487666666667
"383",2018-04-27 00:00:00,27.2357,27.2357,2018-04-27 00:00:00,2018-04-27 00:00:00,27.2719833333333,27.2719833333333
"384",2018-04-27 01:00:00,27.1256333333333,27.1256333333333,2018-04-27 01:00:00,2018-04-27 01:00:00,27.1664833333333,27.1664833333333
"385",2018-04-27 02:00:00,27.0423333333333,27.0423333333333,2018-04-27 02:00:00,2018-04-27 02:00:00,27.0619333333333,27.0619333333333
"386",2018-04-27 03:00:00,26.9623,26.9623,2018-04-27 03:00:00,2018-04-27 03:00:00,26.977,26.977
"387",2018-04-27 04:00:00,26.879,26.879,2018-04-27 04:00:00,2018-04-27 04:00:00,26.9067666666667,26.9067666666667
"388",2018-04-27 05:00:00,26.879,26.879,2018-04-27 05:00:00,2018-04-27 05:00:00,26.879,26.879
"389",2018-04-27 06:00:00,27.2931166666667,27.2931166666667,2018-04-27 06:00:00,2018-04-27 06:00:00,27.45055,27.45055
"390",2018-04-27 07:00:00,28.1954,28.1954,2018-04-27 07:00:00,2018-04-27 07:00:00,28.35555,28.35555
"391",2018-04-27 08:00:00,29.2961166666667,29.2961166666667,2018-04-27 08:00:00,2018-04-27 08:00:00,29.2057833333333,29.2057833333333
"392",2018-04-27 09:00:00,30.8602166666667,30.8602166666667,2018-04-27 09:00:00,2018-04-27 09:00:00,30.5746,30.5746
"393",2018-04-27 10:00:00,32.6674666666667,32.6674666666667,2018-04-27 10:00:00,2018-04-27 10:00:00,32.7017,32.7017
"394",2018-04-27 11:00:00,33.9269,33.9269,2018-04-27 11:00:00,2018-04-27 11:00:00,33.7975333333333,33.7975333333333
"395",2018-04-27 12:00:00,33.0162,33.0162,2018-04-27 12:00:00,2018-04-27 12:00:00,33.1544666666667,33.1544666666667
"396",2018-04-27 13:00:00,30.2535166666667,30.2535166666667,2018-04-27 13:00:00,2018-04-27 13:00:00,30.98115,30.98115
"397",2018-04-27 14:00:00,28.86025,28.86025,2018-04-27 14:00:00,2018-04-27 14:00:00,29.6843,29.6843
"398",2018-04-27 15:00:00,28.2943,28.2943,2018-04-27 15:00:00,2018-04-27 15:00:00,28.3324,28.3324
"399",2018-04-27 16:00:00,27.9445,27.9445,2018-04-27 16:00:00,2018-04-27 16:00:00,27.9379666666667,27.9379666666667
"400",2018-04-27 17:00:00,27.7490666666667,27.7490666666667,2018-04-27 17:00:00,2018-04-27 17:00:00,27.6964666666667,27.6964666666667
"401",2018-04-27 18:00:00,27.665,27.665,2018-04-27 18:00:00,2018-04-27 18:00:00,27.567,27.567
"402",2018-04-27 19:00:00,27.665,27.665,2018-04-27 19:00:00,2018-04-27 19:00:00,27.5373,27.5373
"403",2018-04-27 20:00:00,27.6339666666667,27.6339666666667,2018-04-27 20:00:00,2018-04-27 20:00:00,27.468,27.468
"404",2018-04-27 21:00:00,27.54555,27.54555,2018-04-27 21:00:00,2018-04-27 21:00:00,27.3912333333333,27.3912333333333
"405",2018-04-27 22:00:00,27.4320666666667,27.4320666666667,2018-04-27 22:00:00,2018-04-27 22:00:00,27.2916,27.2916
"406",2018-04-27 23:00:00,27.2620166666667,27.2620166666667,2018-04-27 23:00:00,2018-04-27 23:00:00,27.1583833333333,27.1583833333333
"407",2018-04-28 00:00:00,27.1354333333333,27.1354333333333,2018-04-28 00:00:00,2018-04-28 00:00:00,27.0162,27.0162
"408",2018-04-28 01:00:00,27.0015,27.0015,2018-04-28 01:00:00,2018-04-28 01:00:00,26.8675666666667,26.8675666666667
"409",2018-04-28 02:00:00,26.8953333333333,26.8953333333333,2018-04-28 02:00:00,2018-04-28 02:00:00,26.7663,26.7663
"410",2018-04-28 03:00:00,26.7597666666667,26.7597666666667,2018-04-28 03:00:00,2018-04-28 03:00:00,26.6176666666667,26.6176666666667
"411",2018-04-28 04:00:00,26.5755666666667,26.5755666666667,2018-04-28 04:00:00,2018-04-28 04:00:00,26.4111666666667,26.4111666666667
"412",2018-04-28 05:00:00,26.3785666666667,26.3785666666667,2018-04-28 05:00:00,2018-04-28 05:00:00,26.2030833333333,26.2030833333333
"413",2018-04-28 06:00:00,26.292,26.292,2018-04-28 06:00:00,2018-04-28 06:00:00,26.1280333333333,26.1280333333333
"414",2018-04-28 07:00:00,26.3214,26.3214,2018-04-28 07:00:00,2018-04-28 07:00:00,26.1100666666667,26.1100666666667
"415",2018-04-28 08:00:00,26.7942166666667,26.7942166666667,2018-04-28 08:00:00,2018-04-28 08:00:00,26.3427666666667,26.3427666666667
"416",2018-04-28 09:00:00,27.4012,27.4012,2018-04-28 09:00:00,2018-04-28 09:00:00,27.1392166666667,27.1392166666667
"417",2018-04-28 10:00:00,28.7256166666667,28.7256166666667,2018-04-28 10:00:00,2018-04-28 10:00:00,28.7406,28.7406
"418",2018-04-28 11:00:00,30.4846833333333,30.4846833333333,2018-04-28 11:00:00,2018-04-28 11:00:00,30.4513,30.4513
"419",2018-04-28 12:00:00,31.9083666666667,31.9083666666667,2018-04-28 12:00:00,2018-04-28 12:00:00,32.1915333333333,32.1915333333333
"420",2018-04-28 13:00:00,32.3459333333333,32.3459333333333,2018-04-28 13:00:00,2018-04-28 13:00:00,33.2775,33.2775
"421",2018-04-28 14:00:00,32.1695333333333,32.1695333333333,2018-04-28 14:00:00,2018-04-28 14:00:00,33.37125,33.37125
"422",2018-04-28 15:00:00,31.9452333333333,31.9452333333333,2018-04-28 15:00:00,2018-04-28 15:00:00,32.4697166666667,32.4697166666667
"423",2018-04-28 16:00:00,31.846,31.846,2018-04-28 16:00:00,2018-04-28 16:00:00,32.24465,32.24465
"424",2018-04-28 17:00:00,31.2389166666667,31.2389166666667,2018-04-28 17:00:00,2018-04-28 17:00:00,31.59455,31.59455
"425",2018-04-28 18:00:00,29.3543666666667,29.3543666666667,2018-04-28 18:00:00,2018-04-28 18:00:00,29.4977666666667,29.4977666666667
"426",2018-04-28 19:00:00,28.3208166666667,28.3208166666667,2018-04-28 19:00:00,2018-04-28 19:00:00,28.46455,28.46455
"427",2018-04-28 20:00:00,27.8048,27.8048,2018-04-28 20:00:00,2018-04-28 20:00:00,27.94295,27.94295
"428",2018-04-28 21:00:00,27.5224666666667,27.5224666666667,2018-04-28 21:00:00,2018-04-28 21:00:00,27.6439333333333,27.6439333333333
"429",2018-04-28 22:00:00,27.2849166666667,27.2849166666667,2018-04-28 22:00:00,2018-04-28 22:00:00,27.4141,27.4141
"430",2018-04-28 23:00:00,27.0113,27.0113,2018-04-28 23:00:00,2018-04-28 23:00:00,27.0999333333333,27.0999333333333
"431",2018-04-29 00:00:00,26.39975,26.39975,2018-04-29 00:00:00,2018-04-29 00:00:00,26.4550333333333,26.4550333333333
"432",2018-04-29 01:00:00,26.0615166666667,26.0615166666667,2018-04-29 01:00:00,2018-04-29 01:00:00,26.1574,26.1574
"433",2018-04-29 02:00:00,25.86815,25.86815,2018-04-29 02:00:00,2018-04-29 02:00:00,25.9525666666667,25.9525666666667
"434",2018-04-29 03:00:00,25.805,25.805,2018-04-29 03:00:00,2018-04-29 03:00:00,25.8987666666667,25.8987666666667
"435",2018-04-29 04:00:00,25.8341,25.8341,2018-04-29 04:00:00,2018-04-29 04:00:00,25.9281833333333,25.9281833333333
"436",2018-04-29 05:00:00,25.7887,25.7887,2018-04-29 05:00:00,2018-04-29 05:00:00,25.8958,25.8958
"437",2018-04-29 06:00:00,25.56635,25.56635,2018-04-29 06:00:00,2018-04-29 06:00:00,25.64935,25.64935
"438",2018-04-29 07:00:00,25.6021166666667,25.6021166666667,2018-04-29 07:00:00,2018-04-29 07:00:00,25.6247,25.6247
"439",2018-04-29 08:00:00,26.21125,26.21125,2018-04-29 08:00:00,2018-04-29 08:00:00,25.8391666666667,25.8391666666667
"440",2018-04-29 09:00:00,27.1538833333333,27.1538833333333,2018-04-29 09:00:00,2018-04-29 09:00:00,26.7421666666667,26.7421666666667
"441",2018-04-29 10:00:00,28.1830166666667,28.1830166666667,2018-04-29 10:00:00,2018-04-29 10:00:00,27.9116,27.9116
"442",2018-04-29 11:00:00,30.1491666666667,30.1491666666667,2018-04-29 11:00:00,2018-04-29 11:00:00,30.2825166666667,30.2825166666667
"443",2018-04-29 12:00:00,31.9444333333333,31.9444333333333,2018-04-29 12:00:00,2018-04-29 12:00:00,32.3201,32.3201
"444",2018-04-29 13:00:00,32.7192666666667,32.7192666666667,2018-04-29 13:00:00,2018-04-29 13:00:00,33.5224833333333,33.5224833333333
"445",2018-04-29 14:00:00,32.5038666666667,32.5038666666667,2018-04-29 14:00:00,2018-04-29 14:00:00,33.2706166666667,33.2706166666667
"446",2018-04-29 15:00:00,32.4111666666667,32.4111666666667,2018-04-29 15:00:00,2018-04-29 15:00:00,32.346,32.346
"447",2018-04-29 16:00:00,32.2583833333333,32.2583833333333,2018-04-29 16:00:00,2018-04-29 16:00:00,32.1387,32.1387
"448",2018-04-29 17:00:00,32.171,32.171,2018-04-29 17:00:00,2018-04-29 17:00:00,32.0671166666667,32.0671166666667
"449",2018-04-29 18:00:00,30.8001,30.8001,2018-04-29 18:00:00,2018-04-29 18:00:00,31.0874333333333,31.0874333333333
"450",2018-04-29 19:00:00,28.1184333333333,28.1184333333333,2018-04-29 19:00:00,2018-04-29 19:00:00,28.3811166666667,28.3811166666667
"451",2018-04-29 20:00:00,27.1422833333333,27.1422833333333,2018-04-29 20:00:00,2018-04-29 20:00:00,27.21275,27.21275
"452",2018-04-29 21:00:00,26.7859,26.7859,2018-04-29 21:00:00,2018-04-29 21:00:00,26.8234666666667,26.8234666666667
"453",2018-04-29 22:00:00,26.6568666666667,26.6568666666667,2018-04-29 22:00:00,2018-04-29 22:00:00,26.683,26.683
"454",2018-04-29 23:00:00,26.585,26.585,2018-04-29 23:00:00,2018-04-29 23:00:00,26.5964333333333,26.5964333333333
"455",2018-04-30 00:00:00,26.5559,26.5559,2018-04-30 00:00:00,2018-04-30 00:00:00,26.5559,26.5559
"456",2018-04-30 01:00:00,26.4128666666667,26.4128666666667,2018-04-30 01:00:00,2018-04-30 01:00:00,26.3246666666667,26.3246666666667
"457",2018-04-30 02:00:00,26.3491666666667,26.3491666666667,2018-04-30 02:00:00,2018-04-30 02:00:00,26.25805,26.25805
"458",2018-04-30 03:00:00,26.2903833333333,26.2903833333333,2018-04-30 03:00:00,2018-04-30 03:00:00,26.195,26.195
"459",2018-04-30 04:00:00,26.1884,26.1884,2018-04-30 04:00:00,2018-04-30 04:00:00,26.1378333333333,26.1378333333333
"460",2018-04-30 05:00:00,26.1933666666667,26.1933666666667,2018-04-30 05:00:00,2018-04-30 05:00:00,26.1198666666667,26.1198666666667
"461",2018-04-30 06:00:00,26.0566166666667,26.0566166666667,2018-04-30 06:00:00,2018-04-30 06:00:00,26.0289833333333,26.0289833333333
"462",2018-04-30 07:00:00,25.8179333333333,25.8179333333333,2018-04-30 07:00:00,2018-04-30 07:00:00,25.7856,25.7856
"463",2018-04-30 08:00:00,26.4327833333333,26.4327833333333,2018-04-30 08:00:00,2018-04-30 08:00:00,26.3252833333333,26.3252833333333
"464",2018-04-30 09:00:00,28.0051,28.0051,2018-04-30 09:00:00,2018-04-30 09:00:00,28.0053666666667,28.0053666666667
"465",2018-04-30 10:00:00,29.6835,29.6835,2018-04-30 10:00:00,2018-04-30 10:00:00,29.6551333333333,29.6551333333333
"466",2018-04-30 11:00:00,31.49335,31.49335,2018-04-30 11:00:00,2018-04-30 11:00:00,31.5684333333333,31.5684333333333
"467",2018-04-30 12:00:00,32.7331666666667,32.7331666666667,2018-04-30 12:00:00,2018-04-30 12:00:00,32.8589833333333,32.8589833333333
"468",2018-04-30 13:00:00,32.2914666666667,32.2914666666667,2018-04-30 13:00:00,2018-04-30 13:00:00,32.70195,32.70195
"469",2018-04-30 14:00:00,30.3344833333333,30.3344833333333,2018-04-30 14:00:00,2018-04-30 14:00:00,31.3966833333333,31.3966833333333
"470",2018-04-30 15:00:00,29.8795666666667,29.8795666666667,2018-04-30 15:00:00,2018-04-30 15:00:00,29.74075,29.74075
"471",2018-04-30 16:00:00,30.43175,30.43175,2018-04-30 16:00:00,2018-04-30 16:00:00,30.2317166666667,30.2317166666667
"472",2018-04-30 17:00:00,30.7535,30.7535,2018-04-30 17:00:00,2018-04-30 17:00:00,30.6152333333333,30.6152333333333
"473",2018-04-30 18:00:00,30.9091333333333,30.9091333333333,2018-04-30 18:00:00,2018-04-30 18:00:00,30.7449,30.7449
"474",2018-04-30 19:00:00,30.963,30.963,2018-04-30 19:00:00,2018-04-30 19:00:00,30.811,30.811
"475",2018-04-30 20:00:00,30.84325,30.84325,2018-04-30 20:00:00,2018-04-30 20:00:00,30.6388,30.6388
"476",2018-04-30 21:00:00,30.7414833333333,30.7414833333333,2018-04-30 21:00:00,2018-04-30 21:00:00,30.52265,30.52265
"477",2018-04-30 22:00:00,30.5798833333333,30.5798833333333,2018-04-30 22:00:00,2018-04-30 22:00:00,30.30045,30.30045
"478",2018-04-30 23:00:00,29.7610333333333,29.7610333333333,2018-04-30 23:00:00,2018-04-30 23:00:00,29.5570833333333,29.5570833333333
"479",2018-05-01 00:00:00,27.8713166666667,27.8713166666667,2018-05-01 00:00:00,2018-05-01 00:00:00,27.6247,27.6247
"480",2018-05-01 01:00:00,26.9885333333333,26.9885333333333,2018-05-01 01:00:00,2018-05-01 01:00:00,26.7222333333333,26.7222333333333
"481",2018-05-01 02:00:00,26.6715666666667,26.6715666666667,2018-05-01 02:00:00,2018-05-01 02:00:00,26.4063333333333,26.4063333333333
"482",2018-05-01 03:00:00,26.5122,26.5122,2018-05-01 03:00:00,2018-05-01 03:00:00,26.1686833333333,26.1686833333333
"483",2018-05-01 04:00:00,26.3214,26.3214,2018-05-01 04:00:00,2018-05-01 04:00:00,25.9379333333333,25.9379333333333
"484",2018-05-01 05:00:00,26.292,26.292,2018-05-01 05:00:00,2018-05-01 05:00:00,25.8955333333333,25.8955333333333
"485",2018-05-01 06:00:00,26.2532,26.2532,2018-05-01 06:00:00,2018-05-01 06:00:00,25.8454166666667,25.8454166666667
"486",2018-05-01 07:00:00,26.3998,26.3998,2018-05-01 07:00:00,2018-05-01 07:00:00,26.0029833333333,26.0029833333333
"487",2018-05-01 08:00:00,26.8874833333333,26.8874833333333,2018-05-01 08:00:00,2018-05-01 08:00:00,26.33965,26.33965
"488",2018-05-01 09:00:00,27.6656833333333,27.6656833333333,2018-05-01 09:00:00,2018-05-01 09:00:00,27.32445,27.32445
"489",2018-05-01 10:00:00,29.1338833333333,29.1338833333333,2018-05-01 10:00:00,2018-05-01 10:00:00,28.94025,28.94025
"490",2018-05-01 11:00:00,31.2050166666667,31.2050166666667,2018-05-01 11:00:00,2018-05-01 11:00:00,31.0905333333333,31.0905333333333
"491",2018-05-01 12:00:00,32.98395,32.98395,2018-05-01 12:00:00,2018-05-01 12:00:00,33.12815,33.12815
"492",2018-05-01 13:00:00,33.8482166666667,33.8482166666667,2018-05-01 13:00:00,2018-05-01 13:00:00,34.8025833333333,34.8025833333333
"493",2018-05-01 14:00:00,33.3508666666667,33.3508666666667,2018-05-01 14:00:00,2018-05-01 14:00:00,34.0699333333333,34.0699333333333
"494",2018-05-01 15:00:00,32.2178166666667,32.2178166666667,2018-05-01 15:00:00,2018-05-01 15:00:00,32.2694333333333,32.2694333333333
"495",2018-05-01 16:00:00,31.3616666666667,31.3616666666667,2018-05-01 16:00:00,2018-05-01 16:00:00,31.2192666666667,31.2192666666667
"496",2018-05-01 17:00:00,30.3831666666667,30.3831666666667,2018-05-01 17:00:00,2018-05-01 17:00:00,30.1060666666667,30.1060666666667
"497",2018-05-01 18:00:00,29.7039666666667,29.7039666666667,2018-05-01 18:00:00,2018-05-01 18:00:00,29.4103333333333,29.4103333333333
"498",2018-05-01 19:00:00,29.3286666666667,29.3286666666667,2018-05-01 19:00:00,2018-05-01 19:00:00,29.0761166666667,29.0761166666667
"499",2018-05-01 20:00:00,29.2686666666667,29.2686666666667,2018-05-01 20:00:00,2018-05-01 20:00:00,29.0246666666667,29.0246666666667
"500",2018-05-01 21:00:00,29.1888666666667,29.1888666666667,2018-05-01 21:00:00,2018-05-01 21:00:00,28.9533,28.9533
"501",2018-05-01 22:00:00,28.2153,28.2153,2018-05-01 22:00:00,2018-05-01 22:00:00,27.9138333333333,27.9138333333333
"502",2018-05-01 23:00:00,27.5716,27.5716,2018-05-01 23:00:00,2018-05-01 23:00:00,27.2388333333333,27.2388333333333
"503",2018-05-02 00:00:00,27.3259,27.3259,2018-05-02 00:00:00,2018-05-02 00:00:00,26.9688333333333,26.9688333333333
"504",2018-05-02 01:00:00,27.19955,27.19955,2018-05-02 01:00:00,2018-05-02 01:00:00,26.8234666666667,26.8234666666667
"505",2018-05-02 02:00:00,26.9623,26.9623,2018-05-02 02:00:00,2018-05-02 02:00:00,26.5300666666667,26.5300666666667
"506",2018-05-02 03:00:00,27.0407,27.0407,2018-05-02 03:00:00,2018-05-02 03:00:00,26.61125,26.61125
"507",2018-05-02 04:00:00,27.075,27.075,2018-05-02 04:00:00,2018-05-02 04:00:00,26.683,26.683
"508",2018-05-02 05:00:00,27.1615666666667,27.1615666666667,2018-05-02 05:00:00,2018-05-02 05:00:00,26.7761,26.7761
"509",2018-05-02 06:00:00,27.206,27.206,2018-05-02 06:00:00,2018-05-02 06:00:00,26.8316333333333,26.8316333333333
"510",2018-05-02 07:00:00,27.3177333333333,27.3177333333333,2018-05-02 07:00:00,2018-05-02 07:00:00,27.0652,27.0652
"511",2018-05-02 08:00:00,27.6241666666667,27.6241666666667,2018-05-02 08:00:00,2018-05-02 08:00:00,27.4045166666667,27.4045166666667
"512",2018-05-02 09:00:00,27.87685,27.87685,2018-05-02 09:00:00,2018-05-02 09:00:00,27.7145,27.7145
"513",2018-05-02 10:00:00,28.1474833333333,28.1474833333333,2018-05-02 10:00:00,2018-05-02 10:00:00,27.8642166666667,27.8642166666667
"514",2018-05-02 11:00:00,29.8279166666667,29.8279166666667,2018-05-02 11:00:00,2018-05-02 11:00:00,29.84985,29.84985
"515",2018-05-02 12:00:00,31.6378166666667,31.6378166666667,2018-05-02 12:00:00,2018-05-02 12:00:00,32.0004,32.0004
"516",2018-05-02 13:00:00,32.8954,32.8954,2018-05-02 13:00:00,2018-05-02 13:00:00,33.4426333333333,33.4426333333333
"517",2018-05-02 14:00:00,33.4669666666667,33.4669666666667,2018-05-02 14:00:00,2018-05-02 14:00:00,33.7768166666667,33.7768166666667
"518",2018-05-02 15:00:00,33.4963833333333,33.4963833333333,2018-05-02 15:00:00,2018-05-02 15:00:00,33.07155,33.07155
"519",2018-05-02 16:00:00,33.0474666666667,33.0474666666667,2018-05-02 16:00:00,2018-05-02 16:00:00,32.4801833333333,32.4801833333333
"520",2018-05-02 17:00:00,31.7865333333333,31.7865333333333,2018-05-02 17:00:00,2018-05-02 17:00:00,31.4115666666667,31.4115666666667
"521",2018-05-02 18:00:00,30.34125,30.34125,2018-05-02 18:00:00,2018-05-02 18:00:00,30.1732833333333,30.1732833333333
"522",2018-05-02 19:00:00,29.8258,29.8258,2018-05-02 19:00:00,2018-05-02 19:00:00,29.6203666666667,29.6203666666667
"523",2018-05-02 20:00:00,29.5853333333333,29.5853333333333,2018-05-02 20:00:00,2018-05-02 20:00:00,29.3636666666667,29.3636666666667
"524",2018-05-02 21:00:00,29.2853333333333,29.2853333333333,2018-05-02 21:00:00,2018-05-02 21:00:00,29.1024833333333,29.1024833333333
"525",2018-05-02 22:00:00,29.05935,29.05935,2018-05-02 22:00:00,2018-05-02 22:00:00,28.86155,28.86155
"526",2018-05-02 23:00:00,28.9013333333333,28.9013333333333,2018-05-02 23:00:00,2018-05-02 23:00:00,28.71605,28.71605
"527",2018-05-03 00:00:00,28.7771,28.7771,2018-05-03 00:00:00,2018-05-03 00:00:00,28.58,28.58
"528",2018-05-03 01:00:00,28.754,28.754,2018-05-03 01:00:00,2018-05-03 01:00:00,28.5418,28.5418
"529",2018-05-03 02:00:00,28.79525,28.79525,2018-05-03 02:00:00,2018-05-03 02:00:00,28.5766666666667,28.5766666666667
"530",2018-05-03 03:00:00,28.9296666666667,28.9296666666667,2018-05-03 03:00:00,2018-05-03 03:00:00,28.6847,28.6847
"531",2018-05-03 04:00:00,29.0296666666667,29.0296666666667,2018-05-03 04:00:00,2018-05-03 04:00:00,28.8134,28.8134
"532",2018-05-03 05:00:00,29.13385,29.13385,2018-05-03 05:00:00,2018-05-03 05:00:00,28.8696666666667,28.8696666666667
"533",2018-05-03 06:00:00,29.152,29.152,2018-05-03 06:00:00,2018-05-03 06:00:00,28.933,28.933
"534",2018-05-03 07:00:00,29.3086666666667,29.3086666666667,2018-05-03 07:00:00,2018-05-03 07:00:00,29.0777,29.0777
"535",2018-05-03 08:00:00,29.8879833333333,29.8879833333333,2018-05-03 08:00:00,2018-05-03 08:00:00,29.58885,29.58885
"536",2018-05-03 09:00:00,30.205,30.205,2018-05-03 09:00:00,2018-05-03 09:00:00,30.1446,30.1446
"537",2018-05-03 10:00:00,31.5814666666667,31.5814666666667,2018-05-03 10:00:00,2018-05-03 10:00:00,31.70345,31.70345
"538",2018-05-03 11:00:00,33.9835333333333,33.9835333333333,2018-05-03 11:00:00,2018-05-03 11:00:00,34.1755833333333,34.1755833333333
"539",2018-05-03 12:00:00,35.0503666666667,35.0503666666667,2018-05-03 12:00:00,2018-05-03 12:00:00,35.6567333333333,35.6567333333333
"540",2018-05-03 13:00:00,33.2011666666667,33.2011666666667,2018-05-03 13:00:00,2018-05-03 13:00:00,34.1365166666667,34.1365166666667
"541",2018-05-03 14:00:00,31.7344,31.7344,2018-05-03 14:00:00,2018-05-03 14:00:00,33.0669666666667,33.0669666666667
"542",2018-05-03 15:00:00,30.8145833333333,30.8145833333333,2018-05-03 15:00:00,2018-05-03 15:00:00,31.2059166666667,31.2059166666667
"543",2018-05-03 16:00:00,30.0841,30.0841,2018-05-03 16:00:00,2018-05-03 16:00:00,30.2435833333333,30.2435833333333
"544",2018-05-03 17:00:00,29.4836666666667,29.4836666666667,2018-05-03 17:00:00,2018-05-03 17:00:00,29.5304666666667,29.5304666666667
"545",2018-05-03 18:00:00,29.0942166666667,29.0942166666667,2018-05-03 18:00:00,2018-05-03 18:00:00,29.0942166666667,29.0942166666667
"546",2018-05-03 19:00:00,28.8946666666667,28.8946666666667,2018-05-03 19:00:00,2018-05-03 19:00:00,28.8615166666667,28.8615166666667
"547",2018-05-03 20:00:00,28.7639,28.7639,2018-05-03 20:00:00,2018-05-03 20:00:00,28.71275,28.71275
"548",2018-05-03 21:00:00,28.7441,28.7441,2018-05-03 21:00:00,2018-05-03 21:00:00,28.655,28.655
"549",2018-05-03 22:00:00,28.6913,28.6913,2018-05-03 22:00:00,2018-05-03 22:00:00,28.655,28.655
"550",2018-05-03 23:00:00,28.655,28.655,2018-05-03 23:00:00,2018-05-03 23:00:00,28.615,28.615
"551",2018-05-04 00:00:00,28.5916666666667,28.5916666666667,2018-05-04 00:00:00,2018-05-04 00:00:00,28.565,28.565
"552",2018-05-04 01:00:00,28.5286,28.5286,2018-05-04 01:00:00,2018-05-04 01:00:00,28.46755,28.46755
"553",2018-05-04 02:00:00,28.49065,28.49065,2018-05-04 02:00:00,2018-05-04 02:00:00,28.456,28.456
"554",2018-05-04 03:00:00,28.555,28.555,2018-05-04 03:00:00,2018-05-04 03:00:00,28.456,28.456
"555",2018-05-04 04:00:00,28.53355,28.53355,2018-05-04 04:00:00,2018-05-04 04:00:00,28.456,28.456
"556",2018-05-04 05:00:00,28.4659,28.4659,2018-05-04 05:00:00,2018-05-04 05:00:00,28.456,28.456
"557",2018-05-04 06:00:00,28.4725,28.4725,2018-05-04 06:00:00,2018-05-04 06:00:00,28.456,28.456
"558",2018-05-04 07:00:00,28.63315,28.63315,2018-05-04 07:00:00,2018-05-04 07:00:00,28.5884,28.5884
"559",2018-05-04 08:00:00,29.19085,29.19085,2018-05-04 08:00:00,2018-05-04 08:00:00,28.9082,28.9082
"560",2018-05-04 09:00:00,30.5021333333333,30.5021333333333,2018-05-04 09:00:00,2018-05-04 09:00:00,30.3763333333333,30.3763333333333
"561",2018-05-04 10:00:00,32.85145,32.85145,2018-05-04 10:00:00,2018-05-04 10:00:00,32.88485,32.88485
"562",2018-05-04 11:00:00,34.9695833333333,34.9695833333333,2018-05-04 11:00:00,2018-05-04 11:00:00,35.4838833333333,35.4838833333333
"563",2018-05-04 12:00:00,35.1538166666667,35.1538166666667,2018-05-04 12:00:00,2018-05-04 12:00:00,36.0568,36.0568
"564",2018-05-04 13:00:00,32.7775166666667,32.7775166666667,2018-05-04 13:00:00,2018-05-04 13:00:00,33.6204833333333,33.6204833333333
"565",2018-05-04 14:00:00,33.25045,33.25045,2018-05-04 14:00:00,2018-05-04 14:00:00,34.3848833333333,34.3848833333333
"566",2018-05-04 15:00:00,34.05625,34.05625,2018-05-04 15:00:00,2018-05-04 15:00:00,34.0335,34.0335
"567",2018-05-04 16:00:00,33.8576333333333,33.8576333333333,2018-05-04 16:00:00,2018-05-04 16:00:00,33.8662,33.8662
"568",2018-05-04 17:00:00,32.6335166666667,32.6335166666667,2018-05-04 17:00:00,2018-05-04 17:00:00,32.625,32.625
"569",2018-05-04 18:00:00,31.7732833333333,31.7732833333333,2018-05-04 18:00:00,2018-05-04 18:00:00,31.69835,31.69835
"570",2018-05-04 19:00:00,31.21365,31.21365,2018-05-04 19:00:00,2018-05-04 19:00:00,31.0984666666667,31.0984666666667
"571",2018-05-04 20:00:00,30.8668,30.8668,2018-05-04 20:00:00,2018-05-04 20:00:00,30.7248333333333,30.7248333333333
"572",2018-05-04 21:00:00,30.6674166666667,30.6674166666667,2018-05-04 21:00:00,2018-05-04 21:00:00,30.50245,30.50245
"573",2018-05-04 22:00:00,30.5647333333333,30.5647333333333,2018-05-04 22:00:00,2018-05-04 22:00:00,30.3879833333333,30.3879833333333
"574",2018-05-04 23:00:00,30.558,30.558,2018-05-04 23:00:00,2018-05-04 23:00:00,30.356,30.356
"575",2018-05-05 00:00:00,30.4856166666667,30.4856166666667,2018-05-05 00:00:00,2018-05-05 00:00:00,30.3543166666667,30.3543166666667
"576",2018-05-05 01:00:00,30.457,30.457,2018-05-05 01:00:00,2018-05-05 01:00:00,30.2718333333333,30.2718333333333
"577",2018-05-05 02:00:00,30.3896666666667,30.3896666666667,2018-05-05 02:00:00,2018-05-05 02:00:00,30.2011333333333,30.2011333333333
"578",2018-05-05 03:00:00,30.3492666666667,30.3492666666667,2018-05-05 03:00:00,2018-05-05 03:00:00,30.1506666666667,30.1506666666667
"579",2018-05-05 04:00:00,30.2651,30.2651,2018-05-05 04:00:00,2018-05-05 04:00:00,30.1073333333333,30.1073333333333
"580",2018-05-05 05:00:00,30.255,30.255,2018-05-05 05:00:00,2018-05-05 05:00:00,30.054,30.054
"581",2018-05-05 06:00:00,30.2129166666667,30.2129166666667,2018-05-05 06:00:00,2018-05-05 06:00:00,30.0354833333333,30.0354833333333
"582",2018-05-05 07:00:00,30.255,30.255,2018-05-05 07:00:00,2018-05-05 07:00:00,30.054,30.054
"583",2018-05-05 08:00:00,30.5818166666667,30.5818166666667,2018-05-05 08:00:00,2018-05-05 08:00:00,30.1125833333333,30.1125833333333
"584",2018-05-05 09:00:00,31.8045333333333,31.8045333333333,2018-05-05 09:00:00,2018-05-05 09:00:00,31.4852833333333,31.4852833333333
"585",2018-05-05 10:00:00,32.4128833333333,32.4128833333333,2018-05-05 10:00:00,2018-05-05 10:00:00,32.3340166666667,32.3340166666667
"586",2018-05-05 11:00:00,32.6125833333333,32.6125833333333,2018-05-05 11:00:00,2018-05-05 11:00:00,32.7161,32.7161
"587",2018-05-05 12:00:00,33.0887166666667,33.0887166666667,2018-05-05 12:00:00,2018-05-05 12:00:00,33.6129666666667,33.6129666666667
"588",2018-05-05 13:00:00,32.8400666666667,32.8400666666667,2018-05-05 13:00:00,2018-05-05 13:00:00,34.128,34.128
"589",2018-05-05 14:00:00,32.5246333333333,32.5246333333333,2018-05-05 14:00:00,2018-05-05 14:00:00,33.868,33.868
"590",2018-05-05 15:00:00,32.0308833333333,32.0308833333333,2018-05-05 15:00:00,2018-05-05 15:00:00,32.0174,32.0174
"591",2018-05-05 16:00:00,31.5077,31.5077,2018-05-05 16:00:00,2018-05-05 16:00:00,31.4278,31.4278
"592",2018-05-05 17:00:00,31.0694833333333,31.0694833333333,2018-05-05 17:00:00,2018-05-05 17:00:00,30.90385,30.90385
"593",2018-05-05 18:00:00,30.75525,30.75525,2018-05-05 18:00:00,2018-05-05 18:00:00,30.5411666666667,30.5411666666667
"594",2018-05-05 19:00:00,30.47215,30.47215,2018-05-05 19:00:00,2018-05-05 19:00:00,30.2383,30.2383
"595",2018-05-05 20:00:00,30.2348,30.2348,2018-05-05 20:00:00,2018-05-05 20:00:00,29.9482833333333,29.9482833333333
"596",2018-05-05 21:00:00,30.0455166666667,30.0455166666667,2018-05-05 21:00:00,2018-05-05 21:00:00,29.6753333333333,29.6753333333333
"597",2018-05-05 22:00:00,29.953,29.953,2018-05-05 22:00:00,2018-05-05 22:00:00,29.637,29.637
"598",2018-05-05 23:00:00,29.8562833333333,29.8562833333333,2018-05-05 23:00:00,2018-05-05 23:00:00,29.5386666666667,29.5386666666667
"599",2018-05-06 00:00:00,29.702,29.702,2018-05-06 00:00:00,2018-05-06 00:00:00,29.3803333333333,29.3803333333333
